kind,policy,scenario,burst_duration_seconds,rate_cv2,achieved_rate_cv2_mean,achieved_rate_cv2_max,seed,risk_e,p_mission,risk_utilization,target_met,pass_count,fixed_over_policy_gain,mean_tau_seconds,min_tau_seconds,max_tau_seconds,observed_corrections,high_activity_events,relax_events,max_k_per_pass,p_cache_entries
policy,measured_q16_high1_max3600,poisson_sanity,0,0,0,0,20260621,0.00683821987332,0.00681489245077,0.680397150205,true,6449583,4.89229768808,24.4614887505,1,600,309890,296898,276416,5,6
baseline_expected,always_tau_min_1s,poisson_sanity,0,0,0,0,20260621,0.00110176858357,0.0011011618594,0.109625051304,true,157766400,0.2,1,1,1,,,,,
policy,measured_q16_high1_max3600,poisson_sanity,0,0,0,0,20260622,0.00685986299819,0.00683638784746,0.682550623003,true,6446965,4.89428436481,24.4714224445,1,600,309427,296405,276418,5,6
baseline_expected,always_tau_min_1s,poisson_sanity,0,0,0,0,20260622,0.00110176858357,0.0011011618594,0.109625051304,true,157766400,0.2,1,1,1,,,,,
policy,measured_q16_high1_max3600,poisson_sanity,0,0,0,0,20260623,0.0068815061276,0.00685788278343,0.684704096252,true,6471299,4.8758804067,24.3794029607,1,600,310545,297504,277277,5,6
baseline_expected,always_tau_min_1s,poisson_sanity,0,0,0,0,20260623,0.00110176858357,0.0011011618594,0.109625051304,true,157766400,0.2,1,1,1,,,,,
policy,measured_q16_high1_max3600,poisson_sanity,0,0,0,0,20260624,0.00681053680653,0.00678739766053,0.677642708244,true,6462976,4.88215955003,24.4107994521,1,600,310076,297122,277009,5,6
baseline_expected,always_tau_min_1s,poisson_sanity,0,0,0,0,20260624,0.00110176858357,0.0011011618594,0.109625051304,true,157766400,0.2,1,1,1,,,,,
policy,measured_q16_high1_max3600,poisson_sanity,0,0,0,0,20260625,0.00682362335785,0.00680039530318,0.678944809141,true,6458320,4.88567924785,24.428397478,1,600,310221,297289,277070,5,6
baseline_expected,always_tau_min_1s,poisson_sanity,0,0,0,0,20260625,0.00110176858357,0.0011011618594,0.109625051304,true,157766400,0.2,1,1,1,,,,,
policy,measured_q16_high1_max3600,poisson_sanity,0,0,0,0,20260626,0.00688855272286,0.00686488102931,0.685405226579,true,6469767,4.87703498441,24.3851772405,1,1200,310304,297231,277352,6,7
baseline_expected,always_tau_min_1s,poisson_sanity,0,0,0,0,20260626,0.00110176858357,0.0011011618594,0.109625051304,true,157766400,0.2,1,1,1,,,,,
policy,measured_q16_high1_max3600,poisson_sanity,0,0,0,0,20260627,0.00683519990076,0.00681189305447,0.680096665464,true,6457828,4.88605147118,24.4302610723,1,600,310020,297026,277046,5,6
baseline_expected,always_tau_min_1s,poisson_sanity,0,0,0,0,20260627,0.00110176858357,0.0011011618594,0.109625051304,true,157766400,0.2,1,1,1,,,,,
policy,measured_q16_high1_max3600,poisson_sanity,0,0,0,0,20260628,0.0068714395507,0.00684788519162,0.683702480282,true,6458373,4.88563915401,24.4282016539,1,600,310054,297001,277021,6,6
baseline_expected,always_tau_min_1s,poisson_sanity,0,0,0,0,20260628,0.00110176858357,0.0011011618594,0.109625051304,true,157766400,0.2,1,1,1,,,,,
policy,measured_q16_high1_max3600,poisson_sanity,0,0,0,0,20260629,0.006775303823,0.0067524032008,0.674137055891,true,6456083,4.88737211092,24.4368757341,1,600,309727,296855,276656,6,7
baseline_expected,always_tau_min_1s,poisson_sanity,0,0,0,0,20260629,0.00110176858357,0.0011011618594,0.109625051304,true,157766400,0.2,1,1,1,,,,,
policy,measured_q16_high1_max3600,poisson_sanity,0,0,0,0,20260630,0.00698468843056,0.00696035218765,0.694970648979,true,6455309,4.88795811324,24.4397931997,1,600,310588,297286,276990,5,6
baseline_expected,always_tau_min_1s,poisson_sanity,0,0,0,0,20260630,0.00110176858357,0.0011011618594,0.109625051304,true,157766400,0.2,1,1,1,,,,,
policy,measured_q16_high1_max3600,poisson_sanity,0,0,0,0,20260631,0.00690717587224,0.00688337616076,0.687258214344,true,6454182,4.88881162632,24.44406216,1,600,309816,296717,276764,5,6
baseline_expected,always_tau_min_1s,poisson_sanity,0,0,0,0,20260631,0.00110176858357,0.0011011618594,0.109625051304,true,157766400,0.2,1,1,1,,,,,
policy,measured_q16_high1_max3600,poisson_sanity,0,0,0,0,20260632,0.00693385227662,0.00690986858806,0.689912494238,true,6472015,4.87534098731,24.3767074087,1,600,310543,297390,277529,5,6
baseline_expected,always_tau_min_1s,poisson_sanity,0,0,0,0,20260632,0.00110176858357,0.0011011618594,0.109625051304,true,157766400,0.2,1,1,1,,,,,
policy,measured_q16_high1_max3600,poisson_sanity,0,0,0,0,20260633,0.00683268326861,0.0068093935622,0.679846262672,true,6472621,4.87488453287,24.3744319341,1,600,310427,297467,277639,6,7
baseline_expected,always_tau_min_1s,poisson_sanity,0,0,0,0,20260633,0.00110176858357,0.0011011618594,0.109625051304,true,157766400,0.2,1,1,1,,,,,
policy,measured_q16_high1_max3600,poisson_sanity,0,0,0,0,20260634,0.00680097356897,0.00677789928706,0.676691174117,true,6459524,4.88476859905,24.4238471751,1,600,309921,296999,276843,5,6
baseline_expected,always_tau_min_1s,poisson_sanity,0,0,0,0,20260634,0.00110176858357,0.0011011618594,0.109625051304,true,157766400,0.2,1,1,1,,,,,
policy,measured_q16_high1_max3600,poisson_sanity,0,0,0,0,20260635,0.0068820094416,0.00685838264564,0.684754175573,true,6476096,4.87226872486,24.3613687938,1,600,310949,297863,277688,5,6
baseline_expected,always_tau_min_1s,poisson_sanity,0,0,0,0,20260635,0.00110176858357,0.0011011618594,0.109625051304,true,157766400,0.2,1,1,1,,,,,
policy,measured_q16_high1_max3600,poisson_sanity,0,0,0,0,20260636,0.00680701350823,0.0067838982701,0.677292143014,true,6483430,4.86675725658,24.3337910643,1,600,310944,298011,278054,4,5
baseline_expected,always_tau_min_1s,poisson_sanity,0,0,0,0,20260636,0.00110176858357,0.0011011618594,0.109625051304,true,157766400,0.2,1,1,1,,,,,
policy,measured_q16_high1_max3600,poisson_sanity,0,0,0,0,20260637,0.00675869397471,0.00673590537189,0.672484389897,true,6456342,4.88717605108,24.4358951245,1,600,309907,297041,276919,5,6
baseline_expected,always_tau_min_1s,poisson_sanity,0,0,0,0,20260637,0.00110176858357,0.0011011618594,0.109625051304,true,157766400,0.2,1,1,1,,,,,
policy,measured_q16_high1_max3600,poisson_sanity,0,0,0,0,20260638,0.00686388961876,0.00684038693244,0.682951268377,true,6457168,4.88655088423,24.4327572087,1,600,310135,297078,276742,5,6
baseline_expected,always_tau_min_1s,poisson_sanity,0,0,0,0,20260638,0.00110176858357,0.0011011618594,0.109625051304,true,157766400,0.2,1,1,1,,,,,
policy,measured_q16_high1_max3600,poisson_sanity,0,0,0,0,20260639,0.00684778312261,0.00682439048213,0.6813486855,true,6454817,4.88833068389,24.4416571376,1,600,309723,296741,276744,5,6
baseline_expected,always_tau_min_1s,poisson_sanity,0,0,0,0,20260639,0.00110176858357,0.0011011618594,0.109625051304,true,157766400,0.2,1,1,1,,,,,
policy,measured_q16_high1_max3600,poisson_sanity,0,0,0,0,20260640,0.00686036633487,0.006836887743,0.68260070458,true,6452576,4.89002841656,24.4501533961,1,600,309983,296985,276615,5,6
baseline_expected,always_tau_min_1s,poisson_sanity,0,0,0,0,20260640,0.00110176858357,0.0011011618594,0.109625051304,true,157766400,0.2,1,1,1,,,,,
policy,measured_q16_high1_max3600,poisson_sanity,0,0,0,0,20260641,0.00686791625507,0.00684438601694,0.683351915317,true,6465601,4.88017741893,24.4008949825,1,600,310461,297429,277419,5,6
baseline_expected,always_tau_min_1s,poisson_sanity,0,0,0,0,20260641,0.00110176858357,0.0011011618594,0.109625051304,true,157766400,0.2,1,1,1,,,,,
policy,measured_q16_high1_max3600,poisson_sanity,0,0,0,0,20260642,0.0068251333348,0.00680189501056,0.679095050582,true,6467096,4.87904926724,24.3952474186,1,600,310616,297648,277373,4,5
baseline_expected,always_tau_min_1s,poisson_sanity,0,0,0,0,20260642,0.00110176858357,0.0011011618594,0.109625051304,true,157766400,0.2,1,1,1,,,,,
policy,measured_q16_high1_max3600,poisson_sanity,0,0,0,0,20260643,0.00687043287549,0.00684688540949,0.683602316941,true,6455297,4.88796719965,24.4398369277,1,600,310014,296902,276618,5,6
baseline_expected,always_tau_min_1s,poisson_sanity,0,0,0,0,20260643,0.00110176858357,0.0011011618594,0.109625051304,true,157766400,0.2,1,1,1,,,,,
policy,measured_q16_high1_max3600,poisson_sanity,0,0,0,0,20260644,0.0068256366568,0.00680239490889,0.6791451307,true,6485805,4.86497512645,24.3248759406,1,600,310822,297846,278114,4,5
baseline_expected,always_tau_min_1s,poisson_sanity,0,0,0,0,20260644,0.00110176858357,0.0011011618594,0.109625051304,true,157766400,0.2,1,1,1,,,,,
policy,measured_q16_high1_max3600,poisson_sanity,0,0,0,0,20260645,0.00685885634645,0.00683538807708,0.682450461997,true,6452088,4.89039827107,24.4519929052,1,600,309683,296671,276827,6,6
baseline_expected,always_tau_min_1s,poisson_sanity,0,0,0,0,20260645,0.00110176858357,0.0011011618594,0.109625051304,true,157766400,0.2,1,1,1,,,,,
policy,measured_q16_high1_max3600,poisson_sanity,0,0,0,0,20260646,0.00676070729739,0.00673790513101,0.672684713819,true,6442124,4.89796222488,24.4898195067,1,600,309199,296363,276312,5,6
baseline_expected,always_tau_min_1s,poisson_sanity,0,0,0,0,20260646,0.00110176858357,0.0011011618594,0.109625051304,true,157766400,0.2,1,1,1,,,,,
policy,measured_q16_high1_max3600,poisson_sanity,0,0,0,0,20260647,0.00671893102353,0.00669640947495,0.668528009558,true,6474832,4.87321987659,24.3661089585,1,600,310534,297719,277541,5,6
baseline_expected,always_tau_min_1s,poisson_sanity,0,0,0,0,20260647,0.00110176858357,0.0011011618594,0.109625051304,true,157766400,0.2,1,1,1,,,,,
policy,measured_q16_high1_max3600,poisson_sanity,0,0,0,0,20260648,0.00680399352153,0.00678089876615,0.676991656867,true,6467294,4.87889989229,24.3945017808,1,600,310374,297386,277348,5,6
baseline_expected,always_tau_min_1s,poisson_sanity,0,0,0,0,20260648,0.00110176858357,0.0011011618594,0.109625051304,true,157766400,0.2,1,1,1,,,,,
policy,measured_q16_high1_max3600,poisson_sanity,0,0,0,0,20260649,0.00679090700088,0.00676790089882,0.675689559022,true,6484258,4.86613580151,24.330679316,1,600,311150,298241,278038,5,6
baseline_expected,always_tau_min_1s,poisson_sanity,0,0,0,0,20260649,0.00110176858357,0.0011011618594,0.109625051304,true,157766400,0.2,1,1,1,,,,,
policy,measured_q16_high1_max3600,poisson_sanity,0,0,0,0,20260650,0.00680701351116,0.00678389827301,0.677292143306,true,6447158,4.89413785113,24.4706906516,1,600,309456,296529,276286,5,6
baseline_expected,always_tau_min_1s,poisson_sanity,0,0,0,0,20260650,0.00110176858357,0.0011011618594,0.109625051304,true,157766400,0.2,1,1,1,,,,,
policy,measured_q16_high1_max3600,burst_300s_cv2_0.5,300,0.5,0.440489207751,2.15539481386,20360621,0.00939462509113,0.00935063347021,0.934757328319,true,6293234,5.01384184983,25.0692122683,1,600,309739,292485,271565,5,6
baseline_expected,always_tau_min_1s,burst_300s_cv2_0.5,300,0.5,0.440489207751,2.15539481386,20360621,0.00163176260024,0.00163043199949,0.162359012079,true,157766400,0.2,1,1,1,,,,,
policy,measured_q16_high1_max3600,burst_300s_cv2_0.5,300,0.5,0.439242398943,2.69417506667,20360622,0.00941928818163,0.0093750656439,0.937211285168,true,6283654,5.02148590613,25.1074368512,1,600,309332,292035,271008,5,6
baseline_expected,always_tau_min_1s,burst_300s_cv2_0.5,300,0.5,0.439242398943,2.69417506667,20360622,0.00159771918895,0.00159644351513,0.158971721168,true,157766400,0.2,1,1,1,,,,,
policy,measured_q16_high1_max3600,burst_300s_cv2_0.5,300,0.5,0.440748969824,3.23387954789,20360623,0.00944948790831,0.00940498179443,0.940216132679,true,6289853,5.01653695245,25.0826887369,1,600,309733,292382,271356,10,8
baseline_expected,always_tau_min_1s,burst_300s_cv2_0.5,300,0.5,0.440748969824,3.23387954789,20360623,0.00155619654336,0.0015549862974,0.154840252709,true,157766400,0.2,1,1,1,,,,,
policy,measured_q16_high1_max3600,burst_300s_cv2_0.5,300,0.5,0.441153576365,2.5652810505,20360624,0.0095018340272,0.00945683424187,0.945424527667,true,6302769,5.00625677381,25.0313024323,1,600,310647,293139,271999,6,7
baseline_expected,always_tau_min_1s,burst_300s_cv2_0.5,300,0.5,0.441153576365,2.5652810505,20360624,0.00163195602871,0.00163062511257,0.16237825805,true,157766400,0.2,1,1,1,,,,,
policy,measured_q16_high1_max3600,burst_300s_cv2_0.5,300,0.5,0.439564524219,2.50164036785,20360625,0.00938556516677,0.00934165822122,0.933855873434,true,6272789,5.03018354356,25.1509226598,1,600,308564,291299,270307,6,7
baseline_expected,always_tau_min_1s,burst_300s_cv2_0.5,300,0.5,0.439564524219,2.50164036785,20360625,0.00158230938725,0.00158105819576,0.157438458805,true,157766400,0.2,1,1,1,,,,,
policy,measured_q16_high1_max3600,burst_300s_cv2_0.5,300,0.5,0.440756283156,2.61537404995,20360626,0.00937952522965,0.00933567468906,0.933254904749,true,6297680,5.01030220653,25.0515169078,1,600,309600,292356,271399,5,6
baseline_expected,always_tau_min_1s,burst_300s_cv2_0.5,300,0.5,0.440756283156,2.61537404995,20360626,0.00160880908808,0.00160751564847,0.160075156844,true,157766400,0.2,1,1,1,,,,,
policy,measured_q16_high1_max3600,burst_300s_cv2_0.5,300,0.5,0.438100318138,2.31984031247,20360627,0.00939311510805,0.00934913760529,0.934607086267,true,6292143,5.01471120412,25.0735563384,1,600,309314,292077,271061,6,7
baseline_expected,always_tau_min_1s,burst_300s_cv2_0.5,300,0.5,0.438100318138,2.31984031247,20360627,0.00161661070317,0.00161530469195,0.160851411011,true,157766400,0.2,1,1,1,,,,,
policy,measured_q16_high1_max3600,burst_300s_cv2_0.5,300,0.5,0.44079503127,2.62007103033,20360628,0.00946861435915,0.00942392818016,0.94211919852,true,6283786,5.02138042257,25.1069108655,1,600,309182,291752,270729,7,8
baseline_expected,always_tau_min_1s,burst_300s_cv2_0.5,300,0.5,0.44079503127,2.62007103033,20360628,0.00158185805414,0.00158060757614,0.157393551539,true,157766400,0.2,1,1,1,,,,,
policy,measured_q16_high1_max3600,burst_300s_cv2_0.5,300,0.5,0.440252564055,2.56712392958,20360629,0.00928288618954,0.00923993321349,0.923639401196,true,6317745,4.99438961212,24.9719491686,1,600,310412,293379,272608,6,7
baseline_expected,always_tau_min_1s,burst_300s_cv2_0.5,300,0.5,0.440252564055,2.56712392958,20360629,0.00163118231482,0.00162985266002,0.162301274166,true,157766400,0.2,1,1,1,,,,,
policy,measured_q16_high1_max3600,burst_300s_cv2_0.5,300,0.5,0.438669279564,2.36281258783,20360630,0.00935486218582,0.00931124159009,0.930800952544,true,6283586,5.02154024788,25.107713971,1,600,309000,291842,270863,11,8
baseline_expected,always_tau_min_1s,burst_300s_cv2_0.5,300,0.5,0.438669279564,2.36281258783,20360630,0.00161042099203,0.00160912495995,0.160235539936,true,157766400,0.2,1,1,1,,,,,
policy,measured_q16_high1_max3600,burst_300s_cv2_0.5,300,0.5,0.440064327087,2.12552322288,20360631,0.00941828152615,0.00937406842538,0.937111123791,true,6319577,4.99294177443,24.9647126699,1,600,310795,293499,272551,6,7
baseline_expected,always_tau_min_1s,burst_300s_cv2_0.5,300,0.5,0.440064327087,2.12552322288,20360631,0.00166058344275,0.00165920543694,0.165226661771,true,157766400,0.2,1,1,1,,,,,
policy,measured_q16_high1_max3600,burst_300s_cv2_0.5,300,0.5,0.439970885371,3.68398386951,20360632,0.0093850618485,0.00934115960466,0.933805793687,true,6316675,4.99523562634,24.9761824061,1,600,310392,293145,272432,6,7
baseline_expected,always_tau_min_1s,burst_300s_cv2_0.5,300,0.5,0.439970885371,3.68398386951,20360632,0.00167225362731,0.00167085619027,0.16638783536,true,157766400,0.2,1,1,1,,,,,
policy,measured_q16_high1_max3600,burst_300s_cv2_0.5,300,0.5,0.442306896852,2.46529801809,20360633,0.00939311509338,0.00934913759076,0.934607084807,true,6301672,5.00712826691,25.0356494276,1,600,310148,292869,271667,6,7
baseline_expected,always_tau_min_1s,burst_300s_cv2_0.5,300,0.5,0.442306896852,2.46529801809,20360633,0.00160410232857,0.00160281644408,0.159606838214,true,157766400,0.2,1,1,1,,,,,
policy,measured_q16_high1_max3600,burst_300s_cv2_0.5,300,0.5,0.438649956422,2.43486500342,20360634,0.00936996199876,0.00932620069208,0.932303371285,true,6313547,4.99771047875,24.9885546112,1,600,310365,293169,272070,6,7
baseline_expected,always_tau_min_1s,burst_300s_cv2_0.5,300,0.5,0.438649956422,2.43486500342,20360634,0.00161706203627,0.00161575529591,0.160896318277,true,157766400,0.2,1,1,1,,,,,
policy,measured_q16_high1_max3600,burst_300s_cv2_0.5,300,0.5,0.440632219556,2.93991157138,20360635,0.00960853966981,0.0095625251479,0.956041649738,true,6285512,5.02000155278,25.1000141277,1,600,309757,292120,270852,6,7
baseline_expected,always_tau_min_1s,burst_300s_cv2_0.5,300,0.5,0.440632219556,2.93991157138,20360635,0.00157689339,0.00157565074687,0.156899571615,true,157766400,0.2,1,1,1,,,,,
policy,measured_q16_high1_max3600,burst_300s_cv2_0.5,300,0.5,0.44026006389,2.94685571332,20360636,0.00942784475304,0.00938354196062,0.938062656857,true,6298211,5.00987978967,25.0494106977,1,600,310083,292735,271590,6,7
baseline_expected,always_tau_min_1s,burst_300s_cv2_0.5,300,0.5,0.44026006389,2.94685571332,20360636,0.00158572662361,0.00158447002344,0.157778470961,true,157766400,0.2,1,1,1,,,,,
policy,measured_q16_high1_max3600,burst_300s_cv2_0.5,300,0.5,0.439652229459,2.34478282244,20360637,0.00936643866792,0.00932271021439,0.931952802817,true,6295764,5.01182699987,25.0591380172,1,600,309654,292378,271287,5,6
baseline_expected,always_tau_min_1s,burst_300s_cv2_0.5,300,0.5,0.439652229459,2.34478282244,20360637,0.00151074085215,0.00150960025764,0.150317449503,true,157766400,0.2,1,1,1,,,,,
policy,measured_q16_high1_max3600,burst_300s_cv2_0.5,300,0.5,0.441054628287,2.4158251753,20360638,0.00941526156532,0.00937107676935,0.936810640218,true,6321027,4.99179642802,24.95898831,1,600,310748,293465,272408,7,7
baseline_expected,always_tau_min_1s,burst_300s_cv2_0.5,300,0.5,0.441054628287,2.4158251753,20360638,0.00157121948812,0.00156998576901,0.15633502313,true,157766400,0.2,1,1,1,,,,,
policy,measured_q16_high1_max3600,burst_300s_cv2_0.5,300,0.5,0.44036395237,2.5348289686,20360639,0.00976557818276,0.00971804976412,0.971666850253,true,6308318,5.00185310886,25.0092671295,1,600,310915,293114,272206,6,7
baseline_expected,always_tau_min_1s,burst_300s_cv2_0.5,300,0.5,0.44036395237,2.5348289686,20360639,0.00173215197785,0.00173065266842,0.172347671073,true,157766400,0.2,1,1,1,,,,,
policy,measured_q16_high1_max3600,burst_300s_cv2_0.5,300,0.5,0.439772612386,2.73557254309,20360640,0.00928540279583,0.00924242656336,0.923889801413,true,6302325,5.00660946555,25.0330543093,1,600,309783,292647,271680,6,7
baseline_expected,always_tau_min_1s,burst_300s_cv2_0.5,300,0.5,0.439772612386,2.73557254309,20360640,0.00156657720476,0.00156535076321,0.155873119823,true,157766400,0.2,1,1,1,,,,,
policy,measured_q16_high1_max3600,burst_300s_cv2_0.5,300,0.5,0.439865610526,2.28367037738,20360641,0.00933925896687,0.00929578353588,0.929248445326,true,6286407,5.01928685177,25.0964372813,1,600,309407,292243,271120,6,7
baseline_expected,always_tau_min_1s,burst_300s_cv2_0.5,300,0.5,0.439865610526,2.28367037738,20360641,0.00158746747987,0.00158620811985,0.157951684701,true,157766400,0.2,1,1,1,,,,,
policy,measured_q16_high1_max3600,burst_300s_cv2_0.5,300,0.5,0.440652051485,2.55255025361,20360642,0.00943338136202,0.00938902660142,0.938613544813,true,6304323,5.00502274392,25.0251183196,1,1200,310050,292658,271641,6,7
baseline_expected,always_tau_min_1s,burst_300s_cv2_0.5,300,0.5,0.440652051485,2.55255025361,20360642,0.00160513394709,0.00160384640858,0.159709483393,true,157766400,0.2,1,1,1,,,,,
policy,measured_q16_high1_max3600,burst_300s_cv2_0.5,300,0.5,0.440827676188,3.08437229509,20360643,0.0094102282594,0.00936609061838,0.936309830494,true,6312388,4.99862809447,24.9931583737,1,600,310588,293272,272388,6,7
baseline_expected,always_tau_min_1s,burst_300s_cv2_0.5,300,0.5,0.440827676188,3.08437229509,20360643,0.00159082024007,0.00158955555627,0.158285281533,true,157766400,0.2,1,1,1,,,,,
policy,measured_q16_high1_max3600,burst_300s_cv2_0.5,300,0.5,0.441574124793,2.21016642966,20360644,0.00944244128771,0.00939800142257,0.939514999832,true,6284342,5.02093616165,25.1046901967,1,600,309296,291954,270881,6,7
baseline_expected,always_tau_min_1s,burst_300s_cv2_0.5,300,0.5,0.441574124793,2.21016642966,20360644,0.00163717859749,0.00163583915168,0.16289789927,true,157766400,0.2,1,1,1,,,,,
policy,measured_q16_high1_max3600,burst_300s_cv2_0.5,300,0.5,0.439256454721,2.42844129474,20360645,0.00933623899458,0.00929279163208,0.928947960612,true,6309994,5.00052456468,25.0026320152,1,600,309913,292758,272115,6,7
baseline_expected,always_tau_min_1s,burst_300s_cv2_0.5,300,0.5,0.439256454721,2.42844129474,20360645,0.00164730135426,0.00164594529809,0.16390510509,true,157766400,0.2,1,1,1,,,,,
policy,measured_q16_high1_max3600,burst_300s_cv2_0.5,300,0.5,0.440479772262,2.82423923063,20360646,0.00937902190258,0.00933517606076,0.933204824127,true,6291363,5.01533292547,25.0766728927,1,600,309461,292223,271011,5,6
baseline_expected,always_tau_min_1s,burst_300s_cv2_0.5,300,0.5,0.440479772262,2.82423923063,20360646,0.00156245073066,0.00156123073999,0.155462539107,true,157766400,0.2,1,1,1,,,,,
policy,measured_q16_high1_max3600,burst_300s_cv2_0.5,300,0.5,0.439063390352,2.59974582429,20360647,0.00929899267316,0.00925589074576,0.925241982826,true,6300992,5.00766863376,25.0383542782,1,600,309833,292702,271535,5,6
baseline_expected,always_tau_min_1s,burst_300s_cv2_0.5,300,0.5,0.439063390352,2.59974582429,20360647,0.00155155426,0.00155035122197,0.154378349402,true,157766400,0.2,1,1,1,,,,,
policy,measured_q16_high1_max3600,burst_300s_cv2_0.5,300,0.5,0.440257814523,2.27357379865,20360648,0.0092395999118,0.00919704596985,0.919332452813,true,6278627,5.02550637265,25.1275353672,1,600,308788,291740,270609,7,8
baseline_expected,always_tau_min_1s,burst_300s_cv2_0.5,300,0.5,0.440257814523,2.27357379865,20360648,0.00157508805758,0.0015738482574,0.156719942551,true,157766400,0.2,1,1,1,,,,,
policy,measured_q16_high1_max3600,burst_300s_cv2_0.5,300,0.5,0.440159136804,2.61371786077,20360649,0.00934479554838,0.00930126863535,0.92979933055,true,6304682,5.00473774887,25.023689696,1,600,310096,292842,271874,6,7
baseline_expected,always_tau_min_1s,burst_300s_cv2_0.5,300,0.5,0.440159136804,2.61371786077,20360649,0.0015952046188,0.00159393295619,0.158721523544,true,157766400,0.2,1,1,1,,,,,
policy,measured_q16_high1_max3600,burst_300s_cv2_0.5,300,0.5,0.44041382519,2.59554116131,20360650,0.0092718129393,0.00922896221859,0.922537622071,true,6310344,5.00024721315,25.0012397105,1,600,310024,292929,271947,6,7
baseline_expected,always_tau_min_1s,burst_300s_cv2_0.5,300,0.5,0.44041382519,2.59554116131,20360650,0.00161790022633,0.0016165921313,0.160979717485,true,157766400,0.2,1,1,1,,,,,
policy,measured_q16_high1_max3600,burst_300s_cv2_0.6,300,0.6,0.523649528787,3.11767287929,20460621,0.00999610258252,0.00994630760578,0.994603834959,true,6255219,5.04431259721,25.2215697004,1,600,309462,291165,270062,6,7
baseline_expected,always_tau_min_1s,burst_300s_cv2_0.6,300,0.6,0.523649528787,3.11767287929,20460621,0.00174981844507,0.00174828840534,0.174105469765,true,157766400,0.2,1,1,1,,,,,
policy,measured_q16_high1_max3600,burst_300s_cv2_0.6,300,0.6,0.525608015728,3.15864912693,20460622,0.00985466731226,0.00980626919128,0.980531144024,true,6269466,5.03284968768,25.1642484384,1,600,309677,291699,270663,6,7
baseline_expected,always_tau_min_1s,burst_300s_cv2_0.6,300,0.6,0.525608015728,3.15864912693,20460622,0.00173769692742,0.00173618800625,0.172899388911,true,157766400,0.2,1,1,1,,,,,
policy,measured_q16_high1_max3600,burst_300s_cv2_0.6,300,0.6,0.523935653633,3.14591280563,20460623,0.00996388958356,0.00991441449353,0.991398668542,true,6275808,5.02776375568,25.138836306,1,600,310191,292026,270773,6,7
baseline_expected,always_tau_min_1s,burst_300s_cv2_0.6,300,0.6,0.523935653633,3.14591280563,20460623,0.00169610980567,0.00169467222431,0.168761505127,true,157766400,0.2,1,1,1,,,,,
policy,measured_q16_high1_max3600,burst_300s_cv2_0.6,300,0.6,0.524274409067,3.06851968563,20460624,0.00986674720198,0.0098182305501,0.981733082934,true,6274920,5.02847526343,25.1423951222,1,1200,309998,291996,270828,8,8
baseline_expected,always_tau_min_1s,burst_300s_cv2_0.6,300,0.6,0.524274409067,3.06851968563,20460624,0.00170784446638,0.00170638692989,0.16992909404,true,157766400,0.2,1,1,1,,,,,
policy,measured_q16_high1_max3600,burst_300s_cv2_0.6,300,0.6,0.523970630181,2.91568854671,20460625,0.00997194284283,0.00992238787735,0.992199961095,true,6263180,5.03790087464,25.1895118774,1,600,309706,291520,270457,6,7
baseline_expected,always_tau_min_1s,burst_300s_cv2_0.6,300,0.6,0.523970630181,2.91568854671,20460625,0.00179114766219,0.00178954451452,0.178217692254,true,157766400,0.2,1,1,1,,,,,
policy,measured_q16_high1_max3600,burst_300s_cv2_0.6,300,0.6,0.525111436127,2.8642961582,20460626,0.00986070724805,0.00981224987977,0.981132112577,true,6268621,5.0335281077,25.1676419742,1,600,309755,291728,270391,8,8
baseline_expected,always_tau_min_1s,burst_300s_cv2_0.6,300,0.6,0.525111436127,2.8642961582,20460626,0.00164149850006,0.00164015197827,0.163327725957,true,157766400,0.2,1,1,1,,,,,
policy,measured_q16_high1_max3600,burst_300s_cv2_0.6,300,0.6,0.525006644379,3.0896709932,20460627,0.0100655619779,0.0100150737483,1.00151498662,false,6261237,5.03946424644,25.1973293776,1,600,309524,291238,270024,9,9
baseline_expected,always_tau_min_1s,burst_300s_cv2_0.6,300,0.6,0.525006644379,3.0896709932,20460627,0.0017629071051,0.0017613540971,0.175407780476,true,157766400,0.2,1,1,1,,,,,
policy,measured_q16_high1_max3600,burst_300s_cv2_0.6,300,0.6,0.523329024787,3.52863099861,20460628,0.00995080307463,0.00990145764491,0.990096571864,true,6276462,5.02723986858,25.1362108143,1,600,310195,292057,270943,8,9
baseline_expected,always_tau_min_1s,burst_300s_cv2_0.6,300,0.6,0.523329024787,3.52863099861,20460628,0.00169249914084,0.00169106767187,0.168402247,true,157766400,0.2,1,1,1,,,,,
policy,measured_q16_high1_max3600,burst_300s_cv2_0.6,300,0.6,0.524770945846,3.28743469439,20460629,0.0100252956407,0.00997520987892,0.997508519794,true,6278487,5.02561843323,25.1281012448,1,600,310344,292016,270961,8,8
baseline_expected,always_tau_min_1s,burst_300s_cv2_0.6,300,0.6,0.524770945846,3.28743469439,20460629,0.00177515757507,0.00177358291475,0.176626691978,true,157766400,0.2,1,1,1,,,,,
policy,measured_q16_high1_max3600,burst_300s_cv2_0.6,300,0.6,0.522356343375,3.49204053846,20460630,0.00987329048777,0.00982470957121,0.98238413439,true,6264917,5.03650407499,25.1825250039,1,600,309639,291635,270318,9,9
baseline_expected,always_tau_min_1s,burst_300s_cv2_0.6,300,0.6,0.522356343375,3.49204053846,20460630,0.00173969568831,0.00173818329493,0.173098263945,true,157766400,0.2,1,1,1,,,,,
policy,measured_q16_high1_max3600,burst_300s_cv2_0.6,300,0.6,0.522309752191,3.1509931281,20460631,0.00988486702935,0.00983617231027,0.983535990581,true,6262365,5.03855651978,25.1927883475,1,600,309238,291221,270138,6,7
baseline_expected,always_tau_min_1s,burst_300s_cv2_0.6,300,0.6,0.522309752191,3.1509931281,20460631,0.00168295666949,0.00168154129203,0.167452779093,true,157766400,0.2,1,1,1,,,,,
policy,measured_q16_high1_max3600,burst_300s_cv2_0.6,300,0.6,0.526652673812,3.07900787691,20460632,0.00999308262996,0.00994331768609,0.994303352209,true,6278885,5.0252998741,25.1265006446,1,600,310543,292307,270978,6,7
baseline_expected,always_tau_min_1s,burst_300s_cv2_0.6,300,0.6,0.526652673812,3.07900787691,20460632,0.0017279610276,0.00172646896248,0.171930675033,true,157766400,0.2,1,1,1,,,,,
policy,measured_q16_high1_max3600,burst_300s_cv2_0.6,300,0.6,0.523760999242,3.33200330295,20460633,0.0102014606346,0.0101496022287,1.01503678915,false,6276064,5.02755867372,25.1377944839,1,600,310359,291812,270653,7,8
baseline_expected,always_tau_min_1s,burst_300s_cv2_0.6,300,0.6,0.523760999242,3.33200330295,20460633,0.00175974777337,0.00175820032509,0.175093429614,true,157766400,0.2,1,1,1,,,,,
policy,measured_q16_high1_max3600,burst_300s_cv2_0.6,300,0.6,0.524118313807,3.98507786126,20460634,0.00983503754101,0.00978683172407,0.978577998225,true,6277230,5.02662480107,25.1331364312,1,600,310058,292129,270984,11,8
baseline_expected,always_tau_min_1s,burst_300s_cv2_0.6,300,0.6,0.524118313807,3.98507786126,20460634,0.00160855118345,0.00160725815839,0.160049495549,true,157766400,0.2,1,1,1,,,,,
policy,measured_q16_high1_max3600,burst_300s_cv2_0.6,300,0.6,0.525679516772,3.06611744765,20460635,0.00990751679503,0.00985859903497,0.985789623296,true,6249627,5.04882611394,25.2441329699,1,600,309364,291286,269643,6,7
baseline_expected,always_tau_min_1s,burst_300s_cv2_0.6,300,0.6,0.525679516772,3.06611744765,20460635,0.0016559411594,0.00165457084532,0.164764758465,true,157766400,0.2,1,1,1,,,,,
policy,measured_q16_high1_max3600,burst_300s_cv2_0.6,300,0.6,0.524257021225,2.96737608204,20460636,0.0100283156655,0.00997819977386,0.997809009737,true,6261335,5.03938537069,25.1969353181,1,1200,309680,291476,270261,6,7
baseline_expected,always_tau_min_1s,burst_300s_cv2_0.6,300,0.6,0.524257021225,2.96737608204,20460636,0.00166612839232,0.00166474117095,0.165778379609,true,157766400,0.2,1,1,1,,,,,
policy,measured_q16_high1_max3600,burst_300s_cv2_0.6,300,0.6,0.522103363302,3.61207262175,20460637,0.01003687223,0.00998667092299,0.998660380736,true,6280179,5.02426443577,25.121344312,1,600,310481,292234,270846,7,8
baseline_expected,always_tau_min_1s,burst_300s_cv2_0.6,300,0.6,0.522103363302,3.61207262175,20460637,0.00164014450075,0.00163880019881,0.16319300416,true,157766400,0.2,1,1,1,,,,,
policy,measured_q16_high1_max3600,burst_300s_cv2_0.6,300,0.6,0.524889747253,3.21474321514,20460638,0.00995281636132,0.00990345099511,0.990296892203,true,6255031,5.04446420809,25.2223272754,1,600,309249,291068,270002,9,8
baseline_expected,always_tau_min_1s,burst_300s_cv2_0.6,300,0.6,0.524889747253,3.21474321514,20460638,0.00171113275043,0.00170966959745,0.170256275548,true,157766400,0.2,1,1,1,,,,,
policy,measured_q16_high1_max3600,burst_300s_cv2_0.6,300,0.6,0.525998735502,3.38676137287,20460639,0.00988537033535,0.00983667066554,0.983586069107,true,6258703,5.04150460567,25.2075260641,1,600,309445,291358,270179,7,8
baseline_expected,always_tau_min_1s,burst_300s_cv2_0.6,300,0.6,0.525998735502,3.38676137287,20460639,0.00164149850006,0.00164015197827,0.163327725957,true,157766400,0.2,1,1,1,,,,,
policy,measured_q16_high1_max3600,burst_300s_cv2_0.6,300,0.6,0.521975114557,2.64575735639,20460640,0.00997898946663,0.00992936455724,0.992901094261,true,6278755,5.02540392164,25.1270242269,1,600,310275,292103,270898,7,8
baseline_expected,always_tau_min_1s,burst_300s_cv2_0.6,300,0.6,0.521975114557,2.64575735639,20460640,0.00169243466468,0.00169100330474,0.168395831677,true,157766400,0.2,1,1,1,,,,,
policy,measured_q16_high1_max3600,burst_300s_cv2_0.6,300,0.6,0.523558623897,3.455478802,20460641,0.00983554081848,0.00978733007592,0.978628073912,true,6275954,5.02764679282,25.1382369915,1,600,310002,292007,270745,6,7
baseline_expected,always_tau_min_1s,burst_300s_cv2_0.6,300,0.6,0.523558623897,3.455478802,20460641,0.00170926294185,0.00170780298389,0.170070231161,true,157766400,0.2,1,1,1,,,,,
policy,measured_q16_high1_max3600,burst_300s_cv2_0.6,300,0.6,0.522441081235,3.26115559747,20460642,0.00992010000541,0.00987105811414,0.987041642191,true,6283528,5.02158659912,25.1079337913,1,1200,310942,292802,271333,8,9
baseline_expected,always_tau_min_1s,burst_300s_cv2_0.6,300,0.6,0.522441081235,3.26115559747,20460642,0.00166206639438,0.00166068592695,0.165374214216,true,157766400,0.2,1,1,1,,,,,
policy,measured_q16_high1_max3600,burst_300s_cv2_0.6,300,0.6,0.5259535917,3.44424123095,20460643,0.00992815324948,0.00987903183207,0.987842933231,true,6280791,5.02377487167,25.118877065,1,600,310477,292307,270857,6,7
baseline_expected,always_tau_min_1s,burst_300s_cv2_0.6,300,0.6,0.5259535917,3.44424123095,20460643,0.00165078306678,0.00164942127385,0.164251532569,true,157766400,0.2,1,1,1,,,,,
policy,measured_q16_high1_max3600,burst_300s_cv2_0.6,300,0.6,0.524152812462,2.71483562337,20460644,0.0100811651552,0.0100305205382,1.0030674897,false,6276619,5.02711411988,25.1355768129,1,600,310378,292104,270797,7,8
baseline_expected,always_tau_min_1s,burst_300s_cv2_0.6,300,0.6,0.524152812462,2.71483562337,20460644,0.00165484506471,0.00165347656361,0.164655697962,true,157766400,0.2,1,1,1,,,,,
policy,measured_q16_high1_max3600,burst_300s_cv2_0.6,300,0.6,0.523858028336,3.06446374669,20460645,0.00996036627459,0.00991092610996,0.99104810225,true,6282239,5.02261693641,25.1130958246,1,600,310645,292454,270984,7,7
baseline_expected,always_tau_min_1s,burst_300s_cv2_0.6,300,0.6,0.523858028336,3.06446374669,20460645,0.00167089962799,0.00166950445238,0.166253113562,true,157766400,0.2,1,1,1,,,,,
policy,measured_q16_high1_max3600,burst_300s_cv2_0.6,300,0.6,0.523915154451,3.55187935771,20460646,0.010106834882,0.0100559324581,1.00562160601,false,6278260,5.02580014208,25.1290015068,1,600,310492,292095,270809,6,7
baseline_expected,always_tau_min_1s,burst_300s_cv2_0.6,300,0.6,0.523915154451,3.55187935771,20460646,0.00167031934257,0.00166892513558,0.166195375649,true,157766400,0.2,1,1,1,,,,,
policy,measured_q16_high1_max3600,burst_300s_cv2_0.6,300,0.6,0.524346600689,3.58575680537,20460647,0.00980282446924,0.00975493340244,0.975372824563,true,6264015,5.03722931698,25.186189369,1,600,309568,291631,270302,6,7
baseline_expected,always_tau_min_1s,burst_300s_cv2_0.6,300,0.6,0.524346600689,3.58575680537,20460647,0.00165078306678,0.00164942127385,0.164251532569,true,157766400,0.2,1,1,1,,,,,
policy,measured_q16_high1_max3600,burst_300s_cv2_0.6,300,0.6,0.521993581625,3.30520273733,20460648,0.00973638510514,0.00968913996431,0.96876216348,true,6266299,5.03539329994,25.176969053,1,600,309562,291707,270421,6,7
baseline_expected,always_tau_min_1s,burst_300s_cv2_0.6,300,0.6,0.521993581625,3.30520273733,20460648,0.00159449538106,0.00159322484868,0.158650954984,true,157766400,0.2,1,1,1,,,,,
policy,measured_q16_high1_max3600,burst_300s_cv2_0.6,300,0.6,0.523702085171,3.03484854915,20460649,0.00976356480966,0.00971605595508,0.971466521316,true,6264284,5.03701300899,25.1850671202,1,600,309402,291430,270095,6,7
baseline_expected,always_tau_min_1s,burst_300s_cv2_0.6,300,0.6,0.523702085171,3.03484854915,20460649,0.00163879050143,0.00163744841751,0.163058282362,true,157766400,0.2,1,1,1,,,,,
policy,measured_q16_high1_max3600,burst_300s_cv2_0.6,300,0.6,0.524940998134,3.48337754529,20460650,0.0100957616387,0.0100449705059,1.00451982758,false,6259040,5.04123316036,25.2061678788,1,600,309927,291524,270271,6,7
baseline_expected,always_tau_min_1s,burst_300s_cv2_0.6,300,0.6,0.524940998134,3.48337754529,20460650,0.00173859959363,0.00173708910486,0.172989203442,true,157766400,0.2,1,1,1,,,,,
policy,measured_q16_high1_max3600,burst_300s_cv2_0.65,300,0.65,0.565165694577,2.93278529835,20560621,0.0101924007881,0.0101406342954,1.01413534201,false,6256303,5.04343859305,25.2171988793,1,1200,310023,291466,270028,14,9
baseline_expected,always_tau_min_1s,burst_300s_cv2_0.65,300,0.65,0.565165694577,2.93278529835,20560621,0.00164504468874,0.00164369234438,0.163680568761,true,157766400,0.2,1,1,1,,,,,
policy,measured_q16_high1_max3600,burst_300s_cv2_0.65,300,0.65,0.564415947459,3.16694429346,20560622,0.0101757908678,0.0101241926737,1.01248266885,false,6270022,5.03240339508,25.1620247903,1,600,310783,292226,270764,8,8
baseline_expected,always_tau_min_1s,burst_300s_cv2_0.65,300,0.65,0.564415947459,3.16694429346,20560622,0.00177573786049,0.00177416217082,0.176684429891,true,157766400,0.2,1,1,1,,,,,
policy,measured_q16_high1_max3600,burst_300s_cv2_0.65,300,0.65,0.56700634006,3.62951583374,20560623,0.0102246137756,0.0101725201092,1.01734050729,false,6271617,5.03112355235,25.1556193562,1,600,310798,292245,270839,9,9
baseline_expected,always_tau_min_1s,burst_300s_cv2_0.65,300,0.65,0.56700634006,3.62951583374,20560623,0.00179862689649,0.00179701033647,0.178961869803,true,157766400,0.2,1,1,1,,,,,
policy,measured_q16_high1_max3600,burst_300s_cv2_0.65,300,0.65,0.565801853652,3.09176599939,20560624,0.0101440811871,0.0100928035303,1.00932758218,false,6264682,5.03669300373,25.183472521,1,600,310506,292077,270461,7,7
baseline_expected,always_tau_min_1s,burst_300s_cv2_0.65,300,0.65,0.565801853652,3.09176599939,20560624,0.00162305831894,0.00162174187211,0.161492943381,true,157766400,0.2,1,1,1,,,,,
policy,measured_q16_high1_max3600,burst_300s_cv2_0.65,300,0.65,0.565062357764,3.21284247718,20560625,0.0100091891264,0.00995926390207,0.995905935113,true,6245282,5.05233870944,25.2616940276,1,600,308944,290625,269573,7,8
baseline_expected,always_tau_min_1s,burst_300s_cv2_0.65,300,0.65,0.565062357764,3.21284247718,20560625,0.00170707075249,0.00170561453595,0.169852110155,true,157766400,0.2,1,1,1,,,,,
policy,measured_q16_high1_max3600,burst_300s_cv2_0.65,300,0.65,0.564418107129,3.36591268664,20560626,0.0102603500097,0.0102078921837,1.02089623265,false,6279005,5.02520383405,25.1260667892,1,600,311128,292370,271203,6,7
baseline_expected,always_tau_min_1s,burst_300s_cv2_0.65,300,0.65,0.564418107129,3.36591268664,20560626,0.00180004537196,0.00179842626192,0.179103006924,true,157766400,0.2,1,1,1,,,,,
policy,measured_q16_high1_max3600,burst_300s_cv2_0.65,300,0.65,0.563434816766,3.2112280999,20560627,0.0104611781373,0.0104066503207,1.04087846315,false,6276883,5.02690268402,25.1345135794,1,600,311039,292110,271272,8,9
baseline_expected,always_tau_min_1s,burst_300s_cv2_0.65,300,0.65,0.563434816766,3.2112280999,20560627,0.00187677199968,0.00187501196434,0.186737242121,true,157766400,0.2,1,1,1,,,,,
policy,measured_q16_high1_max3600,burst_300s_cv2_0.65,300,0.65,0.566483417141,4.23104876066,20560628,0.0101627043421,0.0101112385537,1.0111805705,false,6261661,5.03912300586,25.1956180636,1,600,309878,291391,270368,8,8
baseline_expected,always_tau_min_1s,burst_300s_cv2_0.65,300,0.65,0.566483417141,4.23104876066,20560628,0.00184472734928,0.00184302688557,0.183548826245,true,157766400,0.2,1,1,1,,,,,
policy,measured_q16_high1_max3600,burst_300s_cv2_0.65,300,0.65,0.565152034646,4.36902011513,20560629,0.0106821393609,0.0106252879219,1.06286391983,false,6249837,5.04865646896,25.243289065,1,600,310600,291341,270052,10,8
baseline_expected,always_tau_min_1s,burst_300s_cv2_0.65,300,0.65,0.565152034646,4.36902011513,20560629,0.00192113159621,0.00191928740407,0.191150984824,true,157766400,0.2,1,1,1,,,,,
policy,measured_q16_high1_max3600,burst_300s_cv2_0.65,300,0.65,0.566955278597,3.39178692925,20560630,0.0104133619351,0.0103593305937,1.03612079108,false,6238995,5.05742992261,25.2871547421,1,600,309652,290795,269358,8,8
baseline_expected,always_tau_min_1s,burst_300s_cv2_0.65,300,0.65,0.566955278597,3.39178692925,20560630,0.00184737087174,0.00184566553247,0.183811854516,true,157766400,0.2,1,1,1,,,,,
policy,measured_q16_high1_max3600,burst_300s_cv2_0.65,300,0.65,0.564723305445,4.97110936522,20560631,0.010127471326,0.0100763611727,1.00767491491,false,6245217,5.05239129401,25.2619710412,1,600,309617,291130,269703,6,7
baseline_expected,always_tau_min_1s,burst_300s_cv2_0.65,300,0.65,0.564723305445,4.97110936522,20560631,0.00169095171305,0.00168952285969,0.168248279232,true,157766400,0.2,1,1,1,,,,,
policy,measured_q16_high1_max3600,burst_300s_cv2_0.65,300,0.65,0.564063717568,3.50655037677,20560632,0.0100242889559,0.00997421323549,0.997408355499,true,6256165,5.04354984244,25.2177501712,1,600,309842,291471,270059,5,6
baseline_expected,always_tau_min_1s,burst_300s_cv2_0.65,300,0.65,0.564063717568,3.50655037677,20560632,0.00168830819058,0.00168688380003,0.16798525096,true,157766400,0.2,1,1,1,,,,,
policy,measured_q16_high1_max3600,burst_300s_cv2_0.65,300,0.65,0.565957118393,3.27447473114,20560633,0.0101541477771,0.01010276847,1.01032919945,false,6266310,5.03538446071,25.1769285273,1,600,310336,291915,270576,7,8
baseline_expected,always_tau_min_1s,burst_300s_cv2_0.65,300,0.65,0.565957118393,3.27447473114,20560633,0.00175703977474,0.00175549708401,0.174823986019,true,157766400,0.2,1,1,1,,,,,
policy,measured_q16_high1_max3600,burst_300s_cv2_0.65,300,0.65,0.56673349934,3.49552048411,20560634,0.0101189147554,0.0100678907849,1.0068235433,false,6277863,5.02611796403,25.1305947581,1,600,310510,292089,270990,7,8
baseline_expected,always_tau_min_1s,burst_300s_cv2_0.65,300,0.65,0.56673349934,3.49552048411,20560634,0.0017071997048,0.00170574326831,0.169864940803,true,157766400,0.2,1,1,1,,,,,
policy,measured_q16_high1_max3600,burst_300s_cv2_0.65,300,0.65,0.565236120051,4.16923536073,20560635,0.00999912258122,0.00994929756213,0.9949043223,true,6249484,5.04894164062,25.2447174839,1,600,309807,291550,269780,8,9
baseline_expected,always_tau_min_1s,burst_300s_cv2_0.65,300,0.65,0.565236120051,4.16923536073,20560635,0.00173640740426,0.00173490072112,0.172771082437,true,157766400,0.2,1,1,1,,,,,
policy,measured_q16_high1_max3600,burst_300s_cv2_0.65,300,0.65,0.568131092893,4.17803060889,20560636,0.0101269680198,0.0100758629378,1.00762483636,false,6266879,5.03492727401,25.1746574331,1,600,310434,292011,270645,7,8
baseline_expected,always_tau_min_1s,burst_300s_cv2_0.65,300,0.65,0.568131092893,4.17803060889,20560636,0.00175671739395,0.00175517526911,0.174791909401,true,157766400,0.2,1,1,1,,,,,
policy,measured_q16_high1_max3600,burst_300s_cv2_0.65,300,0.65,0.563341829644,3.77137667518,20560637,0.0101762942064,0.0101246909162,1.01253275062,false,6245955,5.05179432128,25.2589728873,1,600,309729,291222,269735,7,8
baseline_expected,always_tau_min_1s,burst_300s_cv2_0.65,300,0.65,0.563341829644,3.77137667518,20560637,0.00170442723002,0.00170297551883,0.169589081884,true,157766400,0.2,1,1,1,,,,,
policy,measured_q16_high1_max3600,burst_300s_cv2_0.65,300,0.65,0.564075600763,3.50640421748,20560638,0.0101954207607,0.010143623639,1.01443582675,false,6246088,5.05168675177,25.2584360003,1,600,309248,290723,269817,14,9
baseline_expected,always_tau_min_1s,burst_300s_cv2_0.65,300,0.65,0.564075600763,3.50640421748,20560638,0.00171055246501,0.00170909030396,0.170198537635,true,157766400,0.2,1,1,1,,,,,
policy,measured_q16_high1_max3600,burst_300s_cv2_0.65,300,0.65,0.565639477903,3.52530114493,20560639,0.0101068348612,0.0100559324375,1.00562160394,false,6254841,5.04461744111,25.2230873655,1,600,310133,291710,270162,6,7
baseline_expected,always_tau_min_1s,burst_300s_cv2_0.65,300,0.65,0.565639477903,3.52530114493,20560639,0.00167857229076,0.00167716427622,0.167016537082,true,157766400,0.2,1,1,1,,,,,
policy,measured_q16_high1_max3600,burst_300s_cv2_0.65,300,0.65,0.569105127478,3.72029847433,20560640,0.010395242136,0.0103413983411,1.03431788624,false,6265790,5.03580234895,25.1790146175,1,600,310636,291865,270537,11,8
baseline_expected,always_tau_min_1s,burst_300s_cv2_0.65,300,0.65,0.569105127478,3.72029847433,20560640,0.00184666163401,0.0018449576035,0.183741285956,true,157766400,0.2,1,1,1,,,,,
policy,measured_q16_high1_max3600,burst_300s_cv2_0.65,300,0.65,0.566136956822,3.2657230396,20560641,0.0101717642107,0.0101202067752,1.01208201984,false,6270506,5.0320149602,25.1600757578,1,600,310553,291979,270624,6,7
baseline_expected,always_tau_min_1s,burst_300s_cv2_0.65,300,0.65,0.566136956822,3.2657230396,20560641,0.00171990150788,0.00171842332485,0.171128759571,true,157766400,0.2,1,1,1,,,,,
policy,measured_q16_high1_max3600,burst_300s_cv2_0.65,300,0.65,0.564539624651,3.32606506554,20560642,0.0102583367278,0.0102058994512,1.02069591279,false,6256365,5.04338861304,25.2169440242,1,600,310356,291659,270328,7,8
baseline_expected,always_tau_min_1s,burst_300s_cv2_0.65,300,0.65,0.564539624651,3.32606506554,20560642,0.00168560019196,0.00168418036582,0.167715807365,true,157766400,0.2,1,1,1,,,,,
policy,measured_q16_high1_max3600,burst_300s_cv2_0.65,300,0.65,0.56609320647,3.85837234296,20560643,0.0103288027506,0.0102756438475,1.02770722304,false,6240971,5.0558286523,25.2791472673,1,600,309301,290597,269339,6,7
baseline_expected,always_tau_min_1s,burst_300s_cv2_0.65,300,0.65,0.56609320647,3.85837234296,20560643,0.00187361266795,0.00187185855141,0.18642289126,true,157766400,0.2,1,1,1,,,,,
policy,measured_q16_high1_max3600,burst_300s_cv2_0.65,300,0.65,0.567086448217,3.68410426771,20560644,0.010277966519,0.010225328712,1.02264906057,false,6251236,5.04752660114,25.237636365,1,600,309839,291080,269962,6,7
baseline_expected,always_tau_min_1s,burst_300s_cv2_0.65,300,0.65,0.567086448217,3.68410426771,20560644,0.00176529272293,0.00176373551018,0.175645147452,true,157766400,0.2,1,1,1,,,,,
policy,measured_q16_high1_max3600,burst_300s_cv2_0.65,300,0.65,0.565856238891,3.27821861123,20560645,0.0102090105695,0.0101570755065,1.01578800134,false,6247140,5.05083606258,25.2541859155,1,600,309234,290684,269759,8,9
baseline_expected,always_tau_min_1s,burst_300s_cv2_0.65,300,0.65,0.565856238891,3.27821861123,20560645,0.00175117244439,0.00174964003656,0.174240191563,true,157766400,0.2,1,1,1,,,,,
policy,measured_q16_high1_max3600,burst_300s_cv2_0.65,300,0.65,0.564456820141,3.57825016333,20560646,0.0100534820628,0.0100031147423,1.00031304519,false,6248399,5.04981836147,25.2491050908,1,600,309121,290812,269726,6,7
baseline_expected,always_tau_min_1s,burst_300s_cv2_0.65,300,0.65,0.564456820141,3.57825016333,20560646,0.00171409865368,0.0017126304256,0.170551380438,true,157766400,0.2,1,1,1,,,,,
policy,measured_q16_high1_max3600,burst_300s_cv2_0.65,300,0.65,0.565655745503,3.2463058624,20560647,0.0100514687705,0.0100011215872,1.00011272429,false,6258234,5.04188242242,25.2094213799,1,600,309837,291575,270190,8,9
baseline_expected,always_tau_min_1s,burst_300s_cv2_0.65,300,0.65,0.565655745503,3.2463058624,20560647,0.001711777512,0.00171031325649,0.170320428785,true,157766400,0.2,1,1,1,,,,,
policy,measured_q16_high1_max3600,burst_300s_cv2_0.65,300,0.65,0.565892062429,3.49974976754,20560648,0.0100242889871,0.00997421326639,0.997408358604,true,6233908,5.06155689176,25.3077846192,1,600,308734,290434,269053,7,8
baseline_expected,always_tau_min_1s,burst_300s_cv2_0.65,300,0.65,0.565892062429,3.49974976754,20560648,0.0016605189666,0.00165914106776,0.165220246447,true,157766400,0.2,1,1,1,,,,,
policy,measured_q16_high1_max3600,burst_300s_cv2_0.65,300,0.65,0.564648786229,3.3527416926,20560649,0.0100464354502,0.0099961385932,0.999611913138,true,6248639,5.04962440621,25.2481231513,1,600,309338,291026,269787,6,7
baseline_expected,always_tau_min_1s,burst_300s_cv2_0.65,300,0.65,0.564648786229,3.3527416926,20560649,0.00172015941251,0.00171868078625,0.171154420866,true,157766400,0.2,1,1,1,,,,,
policy,measured_q16_high1_max3600,burst_300s_cv2_0.65,300,0.65,0.563965165155,3.01413664164,20560650,0.0101637110418,0.010112235074,1.01128073629,false,6251542,5.04727953519,25.2364106328,1,600,309517,291096,270004,9,10
baseline_expected,always_tau_min_1s,burst_300s_cv2_0.65,300,0.65,0.563965165155,3.01413664164,20560650,0.00180436527453,0.00180273838615,0.179532833612,true,157766400,0.2,1,1,1,,,,,
policy,measured_q16_high1_max3600,burst_300s_cv2_0.7,300,0.7,0.608139536693,3.74992775454,20660621,0.010574426994,0.0105187142904,1.05214662954,false,6238371,5.05793579766,25.2896884459,1,1200,310335,291133,269482,6,7
baseline_expected,always_tau_min_1s,burst_300s_cv2_0.7,300,0.7,0.608139536693,3.74992775454,20660621,0.001826222692,0.00182455616198,0.181707628344,true,157766400,0.2,1,1,1,,,,,
policy,measured_q16_high1_max3600,burst_300s_cv2_0.7,300,0.7,0.606435691445,3.93832979367,20660622,0.0104430582822,0.0103887188701,1.03907555274,false,6245015,5.05255471764,25.2627735882,1,600,309762,290833,269837,6,7
baseline_expected,always_tau_min_1s,burst_300s_cv2_0.7,300,0.7,0.606435691445,3.93832979367,20660622,0.00185240001205,0.00185068537804,0.184312249765,true,157766400,0.2,1,1,1,,,,,
policy,measured_q16_high1_max3600,burst_300s_cv2_0.7,300,0.7,0.603931483453,3.88394442374,20660623,0.0102970930203,0.0102442594575,1.02455213143,false,6235406,5.06034089841,25.3017068977,1,600,309577,290843,269134,7,8
baseline_expected,always_tau_min_1s,burst_300s_cv2_0.7,300,0.7,0.603931483453,3.88394442374,20660623,0.00177135348176,0.0017697855611,0.17624818788,true,157766400,0.2,1,1,1,,,,,
policy,measured_q16_high1_max3600,burst_300s_cv2_0.7,300,0.7,0.60741036623,3.89235174292,20660624,0.0102845098064,0.010231805071,1.02330011219,false,6234695,5.06091797594,25.3046072021,1,600,309082,290340,269219,8,8
baseline_expected,always_tau_min_1s,burst_300s_cv2_0.7,300,0.7,0.60741036623,3.89235174292,20660624,0.00178947128209,0.00178787113297,0.178050893838,true,157766400,0.2,1,1,1,,,,,
policy,measured_q16_high1_max3600,burst_300s_cv2_0.7,300,0.7,0.609726224131,3.86993153498,20660625,0.0103907121196,0.0103369151612,1.0338671534,false,6239537,5.05699060684,25.2849536752,1,600,309699,290778,269528,8,9
baseline_expected,always_tau_min_1s,burst_300s_cv2_0.7,300,0.7,0.609726224131,3.86993153498,20660625,0.00179211480456,0.00179050992567,0.178313922109,true,157766400,0.2,1,1,1,,,,,
policy,measured_q16_high1_max3600,burst_300s_cv2_0.7,300,0.7,0.606326310972,3.887361629,20660626,0.0103096762488,0.0102567137018,1.02580415213,false,6250328,5.04825986732,25.2413066962,1,1200,309982,291245,269862,8,8
baseline_expected,always_tau_min_1s,burst_300s_cv2_0.7,300,0.7,0.606326310972,3.887361629,20660626,0.0017021705645,0.00170072269381,0.169364545555,true,157766400,0.2,1,1,1,,,,,
policy,measured_q16_high1_max3600,burst_300s_cv2_0.7,300,0.7,0.606183303154,3.84459179659,20660627,0.0104767812899,0.0104220909762,1.04243096376,false,6245823,5.05190108653,25.2595062332,1,600,310318,291273,269883,9,9
baseline_expected,always_tau_min_1s,burst_300s_cv2_0.7,300,0.7,0.606183303154,3.84459179659,20660627,0.0017392443552,0.00173773274622,0.173053356679,true,157766400,0.2,1,1,1,,,,,
policy,measured_q16_high1_max3600,burst_300s_cv2_0.7,300,0.7,0.606913409504,3.86651227491,20660628,0.0104480915913,0.0103936998771,1.03957636278,false,6246619,5.05125732816,25.2562880816,1,600,309774,290821,269646,9,10
baseline_expected,always_tau_min_1s,burst_300s_cv2_0.7,300,0.7,0.606913409504,3.86651227491,20660628,0.00179520966013,0.00179359923509,0.178621857647,true,157766400,0.2,1,1,1,,,,,
policy,measured_q16_high1_max3600,burst_300s_cv2_0.7,300,0.7,0.606227928706,3.70840512538,20660629,0.0103433992797,0.0102900902824,1.02915956546,false,6250314,5.04827117486,25.2413561943,1,600,309797,291062,269923,8,8
baseline_expected,always_tau_min_1s,burst_300s_cv2_0.7,300,0.7,0.606227928706,3.70840512538,20660629,0.00178921337746,0.0017876136894,0.178025232543,true,157766400,0.2,1,1,1,,,,,
policy,measured_q16_high1_max3600,burst_300s_cv2_0.7,300,0.7,0.608240049457,4.49388055131,20660630,0.0104254418264,0.0103712852732,1.03732273015,false,6243321,5.05392562708,25.2696300575,1,600,309689,290839,269615,7,8
baseline_expected,always_tau_min_1s,burst_300s_cv2_0.7,300,0.7,0.608240049457,4.49388055131,20660630,0.00179720842102,0.00179559440901,0.178820732681,true,157766400,0.2,1,1,1,,,,,
policy,measured_q16_high1_max3600,burst_300s_cv2_0.7,300,0.7,0.605239362655,4.02847566006,20660631,0.0104762779721,0.010421592904,1.04238088406,false,6254154,5.04517157716,25.2258582056,1,600,310849,291875,270036,6,7
baseline_expected,always_tau_min_1s,burst_300s_cv2_0.7,300,0.7,0.605239362655,4.02847566006,20660631,0.00168824371443,0.00168681943263,0.167978835636,true,157766400,0.2,1,1,1,,,,,
policy,measured_q16_high1_max3600,burst_300s_cv2_0.7,300,0.7,0.607341246017,4.16462076924,20660632,0.0104888611878,0.0104340449042,1.04363290349,false,6241972,5.05501786935,25.2750896672,1,600,310188,291175,269668,7,8
baseline_expected,always_tau_min_1s,burst_300s_cv2_0.7,300,0.7,0.607341246017,4.16462076924,20660632,0.0017667111984,0.00176515148283,0.175786284574,true,157766400,0.2,1,1,1,,,,,
policy,measured_q16_high1_max3600,burst_300s_cv2_0.7,300,0.7,0.604572913957,3.97740469179,20660633,0.0104299718301,0.0103757682847,1.03777346172,false,6252552,5.04646422773,25.2323238575,1,600,310179,291412,270251,9,9
baseline_expected,always_tau_min_1s,burst_300s_cv2_0.7,300,0.7,0.604572913957,3.97740469179,20660633,0.00188083399761,0.00187906633775,0.187141407514,true,157766400,0.2,1,1,1,,,,,
policy,measured_q16_high1_max3600,burst_300s_cv2_0.7,300,0.7,0.603676849073,3.70271741941,20660634,0.0104274550758,0.0103732776405,1.03752304677,false,6229555,5.06509373462,25.325474131,1,600,309487,290489,269064,6,7
baseline_expected,always_tau_min_1s,burst_300s_cv2_0.7,300,0.7,0.603676849073,3.70271741941,20660634,0.00178057357232,0.00177898929164,0.177165579168,true,157766400,0.2,1,1,1,,,,,
policy,measured_q16_high1_max3600,burst_300s_cv2_0.7,300,0.7,0.605613415777,4.05634578744,20660635,0.0100867017367,0.0100360015698,1.00361837492,false,6244824,5.05270925169,25.2635549056,1,600,309737,291354,269490,7,8
baseline_expected,always_tau_min_1s,burst_300s_cv2_0.7,300,0.7,0.605613415777,4.05634578744,20660635,0.00166084134738,0.00165946291362,0.165252323066,true,157766400,0.2,1,1,1,,,,,
policy,measured_q16_high1_max3600,burst_300s_cv2_0.7,300,0.7,0.608044760559,3.55741709576,20660636,0.0102689066328,0.0102163614255,1.02174760948,false,6264623,5.03674043913,25.1837068248,1,1200,310773,292068,270420,9,7
baseline_expected,always_tau_min_1s,burst_300s_cv2_0.7,300,0.7,0.608044760559,3.55741709576,20660636,0.00177767214522,0.00177609302195,0.176876889602,true,157766400,0.2,1,1,1,,,,,
policy,measured_q16_high1_max3600,burst_300s_cv2_0.7,300,0.7,0.606779296407,3.47097196896,20660637,0.0103866854963,0.0103329301528,1.03346650776,false,6251714,5.04714067214,25.2357071997,1,600,310172,291303,269808,7,8
baseline_expected,always_tau_min_1s,burst_300s_cv2_0.7,300,0.7,0.606779296407,3.47097196896,20660637,0.00173460207185,0.00173309851915,0.172591453373,true,157766400,0.2,1,1,1,,,,,
policy,measured_q16_high1_max3600,burst_300s_cv2_0.7,300,0.7,0.606303569703,3.45450846411,20660638,0.0103086695848,0.0102557173624,1.0257039899,false,6244853,5.0526857878,25.2634303802,1,600,309989,291263,269597,6,7
baseline_expected,always_tau_min_1s,burst_300s_cv2_0.7,300,0.7,0.606303569703,3.45450846411,20660638,0.00174556301866,0.0017440404096,0.173682058401,true,157766400,0.2,1,1,1,,,,,
policy,measured_q16_high1_max3600,burst_300s_cv2_0.7,300,0.7,0.607941463255,4.11869140462,20660639,0.0105673804291,0.0105117418218,1.05144550223,false,6230713,5.06415236908,25.3207732406,1,600,309516,290360,269076,8,7
baseline_expected,always_tau_min_1s,burst_300s_cv2_0.7,300,0.7,0.607941463255,4.11869140462,20660639,0.00177638262207,0.00177480578828,0.176748583128,true,157766400,0.2,1,1,1,,,,,
policy,measured_q16_high1_max3600,burst_300s_cv2_0.7,300,0.7,0.606307816609,3.21123776866,20660640,0.010372592317,0.010318982499,1.03206424822,false,6242071,5.05493769616,25.2746916849,1,600,309899,291075,269508,8,9
baseline_expected,always_tau_min_1s,burst_300s_cv2_0.7,300,0.7,0.606307816609,3.21123776866,20660640,0.00176277815278,0.00176122537191,0.175394949828,true,157766400,0.2,1,1,1,,,,,
policy,measured_q16_high1_max3600,burst_300s_cv2_0.7,300,0.7,0.606015856041,3.80696216422,20660641,0.0102382036065,0.0101859716059,1.01869268408,false,6257036,5.0428477637,25.2142418551,1,600,310136,291542,270240,6,7
baseline_expected,always_tau_min_1s,burst_300s_cv2_0.7,300,0.7,0.606015856041,3.80696216422,20660641,0.00175981224952,0.00175826468789,0.175099844938,true,157766400,0.2,1,1,1,,,,,
policy,measured_q16_high1_max3600,burst_300s_cv2_0.7,300,0.7,0.607602267447,4.02826394595,20660642,0.0104511115359,0.0103966884287,1.03987684474,false,6240357,5.05632610442,25.2816391755,1,600,309983,291019,269574,6,7
baseline_expected,always_tau_min_1s,burst_300s_cv2_0.7,300,0.7,0.607602267447,4.02826394595,20660642,0.00173885749826,0.00173734656145,0.173014864737,true,157766400,0.2,1,1,1,,,,,
policy,measured_q16_high1_max3600,burst_300s_cv2_0.7,300,0.7,0.6061756187,4.27910269408,20660643,0.0105537905664,0.0104982947209,1.05009332228,false,6237400,5.05872318594,25.2936194568,1,600,309721,290617,269597,7,8
baseline_expected,always_tau_min_1s,burst_300s_cv2_0.7,300,0.7,0.6061756187,4.27910269408,20660643,0.00193924939653,0.00193737026732,0.192953690782,true,157766400,0.2,1,1,1,,,,,
policy,measured_q16_high1_max3600,burst_300s_cv2_0.7,300,0.7,0.605358270115,2.88577785284,20660644,0.0104626880892,0.0104081445579,1.04102870209,false,6228252,5.06615339264,25.3307724222,1,600,309677,290670,269031,6,7
baseline_expected,always_tau_min_1s,burst_300s_cv2_0.7,300,0.7,0.605358270115,2.88577785284,20660644,0.00174807758881,0.00174655059109,0.173932256026,true,157766400,0.2,1,1,1,,,,,
policy,measured_q16_high1_max3600,burst_300s_cv2_0.7,300,0.7,0.604517448672,3.29102398975,20660645,0.0102724299069,0.0102198486984,1.0220981723,false,6252589,5.04643436503,25.2321729447,1,600,310190,291459,270040,6,7
baseline_expected,always_tau_min_1s,burst_300s_cv2_0.7,300,0.7,0.604517448672,3.29102398975,20660645,0.00173743902279,0.00173593054936,0.172873727616,true,157766400,0.2,1,1,1,,,,,
policy,measured_q16_high1_max3600,burst_300s_cv2_0.7,300,0.7,0.608224210882,3.65620958968,20660646,0.0104108452523,0.0103568399789,1.03587038324,false,6249011,5.049323805,25.2466270263,1,600,310404,291479,269958,6,7
baseline_expected,always_tau_min_1s,burst_300s_cv2_0.7,300,0.7,0.608224210882,3.65620958968,20660646,0.00170042970824,0.00169898479675,0.169191331815,true,157766400,0.2,1,1,1,,,,,
policy,measured_q16_high1_max3600,burst_300s_cv2_0.7,300,0.7,0.603458489008,3.34282663767,20660647,0.0106831460011,0.0106262838659,1.06296407969,false,6234578,5.06101295068,25.3050666781,1,600,310008,290731,269299,7,8
baseline_expected,always_tau_min_1s,burst_300s_cv2_0.7,300,0.7,0.603458489008,3.34282663767,20660647,0.00196987557146,0.00196793663994,0.196000969537,true,157766400,0.2,1,1,1,,,,,
policy,measured_q16_high1_max3600,burst_300s_cv2_0.7,300,0.7,0.606947566063,3.66121488264,20660648,0.0104843312511,0.0104295622229,1.04318217858,false,6237991,5.05824391218,25.2912208434,1,600,309809,290836,269432,8,9
baseline_expected,always_tau_min_1s,burst_300s_cv2_0.7,300,0.7,0.606947566063,3.66121488264,20660648,0.00178108938158,0.00177950418315,0.177216901758,true,157766400,0.2,1,1,1,,,,,
policy,measured_q16_high1_max3600,burst_300s_cv2_0.7,300,0.7,0.606167340027,3.75672296927,20660649,0.0105125178509,0.0104574544556,1.04598672165,false,6223690,5.06986691175,25.3493440387,1,600,309417,290531,268732,15,9
baseline_expected,always_tau_min_1s,burst_300s_cv2_0.7,300,0.7,0.606167340027,3.75672296927,20660649,0.00178992261519,0.00178832165905,0.178095801104,true,157766400,0.2,1,1,1,,,,,
policy,measured_q16_high1_max3600,burst_300s_cv2_0.7,300,0.7,0.605710339952,3.9650911821,20660650,0.0103272927467,0.0102741493587,1.02755697892,false,6249001,5.04933188521,25.2466607062,1,600,310230,291466,269763,7,8
baseline_expected,always_tau_min_1s,burst_300s_cv2_0.7,300,0.7,0.605710339952,3.9650911821,20660650,0.0017042982777,0.0017028467861,0.169576251237,true,157766400,0.2,1,1,1,,,,,
policy,measured_q16_high1_max3600,burst_300s_cv2_0.75,300,0.75,0.647722255407,4.26198048345,20760621,0.0108306212491,0.0107721812416,1.07763774335,false,6234591,5.06100239775,25.3050129511,1,600,310381,290934,269520,7,8
baseline_expected,always_tau_min_1s,burst_300s_cv2_0.75,300,0.75,0.647722255407,4.26198048345,20760621,0.00186045953177,0.0018587299497,0.185114165226,true,157766400,0.2,1,1,1,,,,,
policy,measured_q16_high1_max3600,burst_300s_cv2_0.75,300,0.75,0.645994224587,5.64832838172,20760622,0.0108130047074,0.010754754315,1.07588491221,false,6201804,5.08775833612,25.438794583,1,600,309389,289833,268095,7,8
baseline_expected,always_tau_min_1s,burst_300s_cv2_0.75,300,0.75,0.645994224587,5.64832838172,20760622,0.00184769325253,0.0018459873182,0.183843931135,true,157766400,0.2,1,1,1,,,,,
policy,measured_q16_high1_max3600,burst_300s_cv2_0.75,300,0.75,0.647224108761,3.93933645424,20760623,0.0107324722251,0.0106750847318,1.06787199766,false,6231763,5.06329910171,25.3164955086,1,600,310179,290901,269439,10,8
baseline_expected,always_tau_min_1s,burst_300s_cv2_0.75,300,0.75,0.647224108761,3.93933645424,20760623,0.00179501623165,0.00179340615353,0.178602611676,true,157766400,0.2,1,1,1,,,,,
policy,measured_q16_high1_max3600,burst_300s_cv2_0.75,300,0.75,0.646581922054,4.33251542835,20760624,0.0107057957826,0.0106486927105,1.06521771398,false,6221641,5.071536593,25.3576863403,1,600,309570,290270,268823,9,9
baseline_expected,always_tau_min_1s,burst_300s_cv2_0.75,300,0.75,0.646581922054,4.33251542835,20760624,0.00186020162714,0.00185847252441,0.185088503932,true,157766400,0.2,1,1,1,,,,,
policy,measured_q16_high1_max3600,burst_300s_cv2_0.75,300,0.75,0.646555179038,3.8144829314,20760625,0.0108421977797,0.0107836330014,1.07878959845,false,6254091,5.04522239923,25.2261196711,1,600,311070,291543,270068,6,7
baseline_expected,always_tau_min_1s,burst_300s_cv2_0.75,300,0.75,0.646555179038,3.8144829314,20760625,0.00194892082019,0.00194702290717,0.193915989336,true,157766400,0.2,1,1,1,,,,,
policy,measured_q16_high1_max3600,burst_300s_cv2_0.75,300,0.75,0.646386718187,3.7579831851,20760626,0.0106529462411,0.0105964045659,1.05995922886,false,6228443,5.06599803514,25.3299909785,1,600,310200,290884,269145,7,8
baseline_expected,always_tau_min_1s,burst_300s_cv2_0.75,300,0.75,0.646386718187,3.7579831851,20760626,0.00181287612735,0.00181123385998,0.180379656339,true,157766400,0.2,1,1,1,,,,,
policy,measured_q16_high1_max3600,burst_300s_cv2_0.75,300,0.75,0.645327281093,4.76960498973,20760627,0.0105477506464,0.0104923181916,1.04949235529,false,6226258,5.06777586152,25.3388847683,1,600,309482,290410,268991,8,9
baseline_expected,always_tau_min_1s,burst_300s_cv2_0.75,300,0.75,0.645327281093,4.76960498973,20760627,0.00180662194005,0.00180499098095,0.179757369941,true,157766400,0.2,1,1,1,,,,,
policy,measured_q16_high1_max3600,burst_300s_cv2_0.75,300,0.75,0.645019863844,3.86613302028,20760628,0.0107893482799,0.0107313520297,1.07353111748,false,6239243,5.0572288978,25.2861590741,1,600,310440,290941,269667,7,8
baseline_expected,always_tau_min_1s,burst_300s_cv2_0.75,300,0.75,0.645019863844,3.86613302028,20760628,0.00186510181512,0.00186336359355,0.185576068532,true,157766400,0.2,1,1,1,,,,,
policy,measured_q16_high1_max3600,burst_300s_cv2_0.75,300,0.75,0.646467197599,3.98345471358,20760629,0.0107118356853,0.0106546682781,1.06581867924,false,6220319,5.07261444309,25.3630812182,1,600,309749,290355,268645,7,8
baseline_expected,always_tau_min_1s,burst_300s_cv2_0.75,300,0.75,0.646467197599,3.98345471358,20760629,0.00170223504066,0.00170078706031,0.169370960878,true,157766400,0.2,1,1,1,,,,,
policy,measured_q16_high1_max3600,burst_300s_cv2_0.75,300,0.75,0.645379409754,3.85731738862,20760630,0.0108014281819,0.0107433022258,1.07473305761,false,6238755,5.05762447796,25.2881284808,1,600,310313,290858,269824,7,8
baseline_expected,always_tau_min_1s,burst_300s_cv2_0.75,300,0.75,0.645379409754,3.85731738862,20760630,0.00198115889907,0.00197919769914,0.197123651184,true,157766400,0.2,1,1,1,,,,,
policy,measured_q16_high1_max3600,burst_300s_cv2_0.75,300,0.75,0.645088869983,4.25709330715,20760631,0.010411851891,0.0103578361914,1.03597054295,false,6232038,5.06307567444,25.3153790141,1,600,309505,290543,269230,6,7
baseline_expected,always_tau_min_1s,burst_300s_cv2_0.75,300,0.75,0.645088869983,4.25709330715,20760631,0.00181068393799,0.00180904563879,0.180161535334,true,157766400,0.2,1,1,1,,,,,
policy,measured_q16_high1_max3600,burst_300s_cv2_0.75,300,0.75,0.647278476635,3.82041637625,20760632,0.0103952420923,0.0103413982978,1.03431788189,false,6229295,5.06530514288,25.326528925,1,600,309451,290593,269274,7,8
baseline_expected,always_tau_min_1s,burst_300s_cv2_0.75,300,0.75,0.647278476635,3.82041637625,20760632,0.00177844585911,0.00177686536136,0.176953873486,true,157766400,0.2,1,1,1,,,,,
policy,measured_q16_high1_max3600,burst_300s_cv2_0.75,300,0.75,0.648874615865,3.80172145645,20760633,0.0104933911352,0.0104385275757,1.04408362946,false,6226335,5.06771318922,25.3385689977,1,600,309531,290514,269253,7,8
baseline_expected,always_tau_min_1s,burst_300s_cv2_0.75,300,0.75,0.648874615865,3.80172145645,20760633,0.00181635783987,0.00181470926025,0.180726083819,true,157766400,0.2,1,1,1,,,,,
policy,measured_q16_high1_max3600,burst_300s_cv2_0.75,300,0.75,0.647726113413,4.06777377798,20760634,0.0105950634756,0.0105391334921,1.05419994218,false,6223050,5.07038831441,25.3519438218,1,600,309526,290344,268921,6,7
baseline_expected,always_tau_min_1s,burst_300s_cv2_0.75,300,0.75,0.647726113413,4.06777377798,20760634,0.0018532382021,0.00185152201651,0.184395648973,true,157766400,0.2,1,1,1,,,,,
policy,measured_q16_high1_max3600,burst_300s_cv2_0.75,300,0.75,0.649793809531,3.50292564977,20760635,0.0108321312228,0.0107736749485,1.07778798447,false,6221839,5.07137519952,25.3568766405,1,600,309920,290379,268887,9,9
baseline_expected,always_tau_min_1s,burst_300s_cv2_0.75,300,0.75,0.649793809531,3.50292564977,20760635,0.00188947380275,0.00188768987087,0.188001060889,true,157766400,0.2,1,1,1,,,,,
policy,measured_q16_high1_max3600,burst_300s_cv2_0.75,300,0.75,0.645789501413,3.71025865666,20760636,0.0106539529814,0.0105974006378,1.06005939868,false,6245195,5.05240909211,25.26205779,1,600,310757,291565,270054,8,9
baseline_expected,always_tau_min_1s,burst_300s_cv2_0.75,300,0.75,0.645789501413,3.71025865666,20760636,0.00197916013818,0.0019772028922,0.196924776149,true,157766400,0.2,1,1,1,,,,,
policy,measured_q16_high1_max3600,burst_300s_cv2_0.75,300,0.75,0.649581965218,3.79396355638,20760637,0.010616203294,0.010560050294,1.0563033364,false,6228499,5.06595248711,25.3297632383,1,600,309874,290645,269125,9,8
baseline_expected,always_tau_min_1s,burst_300s_cv2_0.75,300,0.75,0.649581965218,3.79396355638,20760637,0.00177051529171,0.00176894885411,0.176164788672,true,157766400,0.2,1,1,1,,,,,
policy,measured_q16_high1_max3600,burst_300s_cv2_0.75,300,0.75,0.645797435373,4.20357684857,20760638,0.0107073057827,0.01065018663,1.06536795773,false,6225773,5.06817065126,25.3408657849,1,600,310060,290808,269261,9,9
baseline_expected,always_tau_min_1s,burst_300s_cv2_0.75,300,0.75,0.645797435373,4.20357684857,20760638,0.00182080669475,0.00181915003188,0.181168741154,true,157766400,0.2,1,1,1,,,,,
policy,measured_q16_high1_max3600,burst_300s_cv2_0.75,300,0.75,0.646584406111,4.19164309241,20760639,0.0107007625196,0.0106437130327,1.06471690852,false,6202241,5.08739986079,25.4370072043,1,600,308871,289592,268217,10,8
baseline_expected,always_tau_min_1s,burst_300s_cv2_0.75,300,0.75,0.646584406111,4.19164309241,20760639,0.00184853144258,0.00184682396061,0.183927330343,true,157766400,0.2,1,1,1,,,,,
policy,measured_q16_high1_max3600,burst_300s_cv2_0.75,300,0.75,0.646621057934,3.72169364756,20760640,0.0108150180312,0.0107567459839,1.07608523624,false,6221103,5.07197517868,25.3598860202,1,600,309850,290296,268879,9,9
baseline_expected,always_tau_min_1s,burst_300s_cv2_0.75,300,0.75,0.646621057934,3.72169364756,20760640,0.0019110733156,0.0019092483777,0.190150194327,true,157766400,0.2,1,1,1,,,,,
policy,measured_q16_high1_max3600,burst_300s_cv2_0.75,300,0.75,0.647460955645,4.64042007874,20760641,0.0107460620709,0.0106885294135,1.06922417595,false,6214110,5.07768288621,25.3884179714,1,600,309379,290048,268433,7,8
baseline_expected,always_tau_min_1s,burst_300s_cv2_0.75,300,0.75,0.647460955645,4.64042007874,20760641,0.00185555934378,0.00185383885786,0.184626600626,true,157766400,0.2,1,1,1,,,,,
policy,measured_q16_high1_max3600,burst_300s_cv2_0.75,300,0.75,0.647685505169,3.79665472484,20760642,0.0106625095251,0.0106058664682,1.06091076761,false,6239488,5.05703032044,25.285164584,1,600,310212,291000,269487,6,7
baseline_expected,always_tau_min_1s,burst_300s_cv2_0.75,300,0.75,0.647685505169,3.79665472484,20760642,0.00189650170395,0.00189470448091,0.188700331172,true,157766400,0.2,1,1,1,,,,,
policy,measured_q16_high1_max3600,burst_300s_cv2_0.75,300,0.75,0.646193091043,3.56800555624,20760643,0.0106942192023,0.0106372393394,1.06406585394,false,6225628,5.06828869312,25.3414500513,1,600,310122,290794,268992,7,8
baseline_expected,always_tau_min_1s,burst_300s_cv2_0.75,300,0.75,0.646193091043,3.56800555624,20760643,0.00181616441139,0.00181451618278,0.180706837848,true,157766400,0.2,1,1,1,,,,,
policy,measured_q16_high1_max3600,burst_300s_cv2_0.75,300,0.75,0.645492097968,3.47842901384,20760644,0.0104289650882,0.0103747719881,1.03767329174,false,6230768,5.06410766698,25.3205514954,1,600,309706,290776,269148,7,8
baseline_expected,always_tau_min_1s,burst_300s_cv2_0.75,300,0.75,0.645492097968,3.47842901384,20760644,0.00182306336027,0.00182140258965,0.181393277483,true,157766400,0.2,1,1,1,,,,,
policy,measured_q16_high1_max3600,burst_300s_cv2_0.75,300,0.75,0.646105713076,3.48431282988,20760645,0.0105714070699,0.0105157261276,1.05184614963,false,6249180,5.04918725337,25.2459409074,1,600,310391,291277,270026,7,8
baseline_expected,always_tau_min_1s,burst_300s_cv2_0.75,300,0.75,0.646105713076,3.48431282988,20760645,0.00181261822272,0.00181097642244,0.180353995045,true,157766400,0.2,1,1,1,,,,,
policy,measured_q16_high1_max3600,burst_300s_cv2_0.75,300,0.75,0.6439709405,3.54594934964,20760646,0.0108406879369,0.0107821394391,1.07863937036,false,6242821,5.05433040608,25.2716521906,1,600,310606,291129,269556,16,10
baseline_expected,always_tau_min_1s,burst_300s_cv2_0.75,300,0.75,0.6439709405,3.54594934964,20760646,0.00175497653769,0.00175343746685,0.174618695661,true,157766400,0.2,1,1,1,,,,,
policy,measured_q16_high1_max3600,burst_300s_cv2_0.75,300,0.75,0.647363987053,3.77487187622,20760647,0.0105578171956,0.0105022790692,1.0504939685,false,6211438,5.07986717407,25.3993471399,1,600,309186,290067,268509,8,9
baseline_expected,always_tau_min_1s,burst_300s_cv2_0.75,300,0.75,0.647363987053,3.77487187622,20760647,0.00173531130958,0.00173380652746,0.172662021934,true,157766400,0.2,1,1,1,,,,,
policy,measured_q16_high1_max3600,burst_300s_cv2_0.75,300,0.75,0.64626950909,3.87608081118,20760648,0.0105578172494,0.0105022791225,1.05049397387,false,6220731,5.07227848303,25.3614010958,1,600,309225,290188,268851,11,9
baseline_expected,always_tau_min_1s,burst_300s_cv2_0.75,300,0.75,0.64626950909,3.87608081118,20760648,0.00184982096574,0.00184811110141,0.184055636817,true,157766400,0.2,1,1,1,,,,,
policy,measured_q16_high1_max3600,burst_300s_cv2_0.75,300,0.75,0.64638642139,4.12699832493,20760649,0.0106373431126,0.010580966654,1.05840673064,false,6216193,5.07598139247,25.3799159711,1,600,309195,290026,268427,7,8
baseline_expected,always_tau_min_1s,burst_300s_cv2_0.75,300,0.75,0.64638642139,4.12699832493,20760649,0.00188186561614,0.00188009601726,0.187244052693,true,157766400,0.2,1,1,1,,,,,
policy,measured_q16_high1_max3600,burst_300s_cv2_0.75,300,0.75,0.649001117827,3.65472888498,20760650,0.0108784374515,0.0108194812283,1.08239541544,false,6229678,5.06499372841,25.3249731367,1,600,310421,290835,269254,10,9
baseline_expected,always_tau_min_1s,burst_300s_cv2_0.75,300,0.75,0.649001117827,3.65472888498,20760650,0.00185987924635,0.00185815074271,0.185056427313,true,157766400,0.2,1,1,1,,,,,
policy,measured_q16_high1_max3600,burst_600s_cv2_0.5,600,0.5,0.384903583364,3.26279538628,20860621,0.00886613020908,0.00882694197815,0.882172530184,true,6312811,4.9982931534,24.9914694104,1,600,309712,293321,272166,6,7
baseline_expected,always_tau_min_1s,burst_600s_cv2_0.5,600,0.5,0.384903583364,3.26279538628,20860621,0.00147534344155,0.00147425565743,0.146795436795,true,157766400,0.2,1,1,1,,,,,
policy,measured_q16_high1_max3600,burst_600s_cv2_0.5,600,0.5,0.385808008181,2.62404233879,20860622,0.00916007407986,0.00911824840746,0.911419699141,true,6310367,5.00022898827,25.0011455752,1,600,310050,293284,272187,8,9
baseline_expected,always_tau_min_1s,burst_600s_cv2_0.5,600,0.5,0.385808008181,2.62404233879,20860622,0.00165162125683,0.00165025808102,0.164334931778,true,157766400,0.2,1,1,1,,,,,
policy,measured_q16_high1_max3600,burst_600s_cv2_0.5,600,0.5,0.383283103193,2.65947308676,20860623,0.00892652960938,0.00888680642854,0.888182219928,true,6320983,4.99183117563,24.9591563527,1,600,310365,293838,272457,6,7
baseline_expected,always_tau_min_1s,burst_600s_cv2_0.5,600,0.5,0.383283103193,2.65947308676,20860623,0.00151003161442,0.00150889209032,0.150246880943,true,157766400,0.2,1,1,1,,,,,
policy,measured_q16_high1_max3600,burst_600s_cv2_0.5,600,0.5,0.384413677293,2.53229277813,20860624,0.0089139464142,0.00887433497931,0.886930202546,true,6320802,4.99197411974,24.9599023985,1,600,310120,293664,272471,7,7
baseline_expected,always_tau_min_1s,burst_600s_cv2_0.5,600,0.5,0.384413677293,2.53229277813,20860624,0.00147392496608,0.00147283927215,0.146654299673,true,157766400,0.2,1,1,1,,,,,
policy,measured_q16_high1_max3600,burst_600s_cv2_0.5,600,0.5,0.381865115961,2.62789244965,20860625,0.00895672931927,0.00891673730749,0.891187065768,true,6337361,4.97893050435,24.8946552043,1,600,311164,294593,273267,6,7
baseline_expected,always_tau_min_1s,burst_600s_cv2_0.5,600,0.5,0.381865115961,2.62789244965,20860625,0.0015590334943,0.0015578188329,0.155122526951,true,157766400,0.2,1,1,1,,,,,
policy,measured_q16_high1_max3600,burst_600s_cv2_0.5,600,0.5,0.384657614599,2.60527483446,20860626,0.00911427117423,0.0090728621047,0.906862348391,true,6332413,4.98282092466,24.914105255,1,600,310799,294103,273095,6,7
baseline_expected,always_tau_min_1s,burst_600s_cv2_0.5,600,0.5,0.384657614599,2.60527483446,20860626,0.00155348854474,0.00155228250601,0.154570809113,true,157766400,0.2,1,1,1,,,,,
policy,measured_q16_high1_max3600,burst_600s_cv2_0.5,600,0.5,0.383622482575,2.63600066672,20860627,0.00879868420338,0.00876008905997,0.875461709104,true,6303390,5.00576356532,25.0288189371,1,600,309079,292801,271866,8,7
baseline_expected,always_tau_min_1s,burst_600s_cv2_0.5,600,0.5,0.383622482575,2.63600066672,20860627,0.00147521448923,0.00147412689522,0.146782606147,true,157766400,0.2,1,1,1,,,,,
policy,measured_q16_high1_max3600,burst_600s_cv2_0.5,600,0.5,0.384424593325,2.42063032695,20860628,0.00914900081628,0.00910727605191,0.910317918689,true,6330584,4.98426053584,24.9213112092,1,600,310644,293843,272933,6,7
baseline_expected,always_tau_min_1s,burst_600s_cv2_0.5,600,0.5,0.384424593325,2.42063032695,20860628,0.00162905460162,0.00162772841241,0.162089568484,true,157766400,0.2,1,1,1,,,,,
policy,measured_q16_high1_max3600,burst_600s_cv2_0.5,600,0.5,0.384830185388,2.88120762448,20860629,0.00902367204484,0.00898308090173,0.897847810896,true,6306263,5.00348304535,25.0174152267,1,1200,309721,293120,271961,8,8
baseline_expected,always_tau_min_1s,burst_600s_cv2_0.5,600,0.5,0.384830185388,2.88120762448,20860629,0.00160855118345,0.00160725815839,0.160049495549,true,157766400,0.2,1,1,1,,,,,
policy,measured_q16_high1_max3600,burst_600s_cv2_0.5,600,0.5,0.385625992978,2.7591617631,20860630,0.00911880108026,0.00907735090135,0.907313070247,true,6297479,5.01046212302,25.0523288764,1,600,309408,292544,271555,7,8
baseline_expected,always_tau_min_1s,burst_600s_cv2_0.5,600,0.5,0.385625992978,2.7591617631,20860630,0.00156328892071,0.00156206762109,0.155545938315,true,157766400,0.2,1,1,1,,,,,
policy,measured_q16_high1_max3600,burst_600s_cv2_0.5,600,0.5,0.384577984443,3.01023330511,20860631,0.00905387173659,0.00901300885529,0.900852654932,true,6304247,5.00508308129,25.0254161996,1,600,310065,293407,271970,5,6
baseline_expected,always_tau_min_1s,burst_600s_cv2_0.5,600,0.5,0.384577984443,3.01023330511,20860631,0.00149816800139,0.00149704630794,0.149066461383,true,157766400,0.2,1,1,1,,,,,
policy,measured_q16_high1_max3600,burst_600s_cv2_0.5,600,0.5,0.386080592425,3.43796577081,20860632,0.00889230329253,0.00885288369382,0.884776730066,true,6311828,4.99907158433,24.9953585554,1,600,309718,293291,272226,6,7
baseline_expected,always_tau_min_1s,burst_600s_cv2_0.5,600,0.5,0.386080592425,3.43796577081,20860632,0.00150642094958,0.00150528686708,0.149887622816,true,157766400,0.2,1,1,1,,,,,
policy,measured_q16_high1_max3600,burst_600s_cv2_0.5,600,0.5,0.38447410344,2.82272969616,20860633,0.00902367202244,0.00898308087953,0.897847808667,true,6306010,5.00368378737,25.0184251214,1,600,309488,292870,271788,6,7
baseline_expected,always_tau_min_1s,burst_600s_cv2_0.5,600,0.5,0.38447410344,2.82272969616,20860633,0.00154742778591,0.00154623113685,0.153967768686,true,157766400,0.2,1,1,1,,,,,
policy,measured_q16_high1_max3600,burst_600s_cv2_0.5,600,0.5,0.383986660861,2.83593566927,20860634,0.0091575574181,0.00911575469011,0.911169293403,true,6351133,4.96813403215,24.8406706331,1,600,311716,294901,273869,9,8
baseline_expected,always_tau_min_1s,burst_600s_cv2_0.5,600,0.5,0.383986660861,2.83593566927,20860634,0.00156187044524,0.00156065136037,0.155404801194,true,157766400,0.2,1,1,1,,,,,
policy,measured_q16_high1_max3600,burst_600s_cv2_0.5,600,0.5,0.384419847333,2.91358254404,20860635,0.00907400489224,0.0090329603498,0.902855887058,true,6320779,4.9919922845,24.9599694911,1,600,310487,293801,272663,10,8
baseline_expected,always_tau_min_1s,burst_600s_cv2_0.5,600,0.5,0.384419847333,2.91358254404,20860635,0.0015665127286,0.00156528638798,0.1558667045,true,157766400,0.2,1,1,1,,,,,
policy,measured_q16_high1_max3600,burst_600s_cv2_0.5,600,0.5,0.385772521854,2.42893031771,20860636,0.00897031920353,0.00893020592281,0.892539247871,true,6301750,5.00706629111,25.0353446265,1,600,309656,293100,271895,7,8
baseline_expected,always_tau_min_1s,burst_600s_cv2_0.5,600,0.5,0.385772521854,2.42893031771,20860636,0.00151506075472,0.00151391362957,0.150747276191,true,157766400,0.2,1,1,1,,,,,
policy,measured_q16_high1_max3600,burst_600s_cv2_0.5,600,0.5,0.383895660635,2.51581982454,20860637,0.00896528592055,0.00892521757553,0.89203844043,true,6305124,5.00438690817,25.0219405677,1,600,309625,293084,271998,6,7
baseline_expected,always_tau_min_1s,burst_600s_cv2_0.5,600,0.5,0.383895660635,2.51581982454,20860637,0.00157025234575,0.00156902014458,0.156238793274,true,157766400,0.2,1,1,1,,,,,
policy,measured_q16_high1_max3600,burst_600s_cv2_0.5,600,0.5,0.384508566618,2.82443990297,20860638,0.00898642572102,0.00894616847723,0.894141832871,true,6299083,5.00918625775,25.0459331938,1,600,309490,292935,271775,7,7
baseline_expected,always_tau_min_1s,burst_600s_cv2_0.5,600,0.5,0.384508566618,2.82443990297,20860638,0.00154291445487,0.0015417247743,0.153518696027,true,157766400,0.2,1,1,1,,,,,
policy,measured_q16_high1_max3600,burst_600s_cv2_0.5,600,0.5,0.386167088335,2.53755466607,20860639,0.00882838056886,0.00878952484557,0.878416472598,true,6303881,5.00537367377,25.0268697966,1,600,309581,293234,271784,7,7
baseline_expected,always_tau_min_1s,burst_600s_cv2_0.5,600,0.5,0.386167088335,2.53755466607,20860639,0.00154961997527,0.00154841993419,0.154185889692,true,157766400,0.2,1,1,1,,,,,
policy,measured_q16_high1_max3600,burst_600s_cv2_0.5,600,0.5,0.384177756916,2.74670193445,20860640,0.00893760283962,0.00889778119236,0.889283997062,true,6325745,4.98807334156,24.940367024,1,600,310522,293982,272817,6,7
baseline_expected,always_tau_min_1s,burst_600s_cv2_0.5,600,0.5,0.384177756916,2.74670193445,20860640,0.00149481524119,0.00149369856136,0.148732864551,true,157766400,0.2,1,1,1,,,,,
policy,measured_q16_high1_max3600,burst_600s_cv2_0.5,600,0.5,0.383900136708,2.34028944565,20860641,0.00899699559805,0.00895664373899,0.895193526783,true,6294706,5.01266937646,25.0633532368,1,600,309274,292651,271418,6,7
baseline_expected,always_tau_min_1s,burst_600s_cv2_0.5,600,0.5,0.383900136708,2.34028944565,20860641,0.00157179977354,0.00157056514322,0.156392761043,true,157766400,0.2,1,1,1,,,,,
policy,measured_q16_high1_max3600,burst_600s_cv2_0.5,600,0.5,0.386773287882,3.15295834963,20860642,0.00891847636317,0.00887882471783,0.887380928675,true,6284615,5.02071805512,25.1036073013,1,600,309187,292685,271117,6,7
baseline_expected,always_tau_min_1s,burst_600s_cv2_0.5,600,0.5,0.386773287882,3.15295834963,20860642,0.00147031430124,0.00146923391874,0.146295041546,true,157766400,0.2,1,1,1,,,,,
policy,measured_q16_high1_max3600,burst_600s_cv2_0.5,600,0.5,0.385601879258,2.9154713301,20860643,0.00900404223172,0.00896362723387,0.895894660931,true,6305232,5.00430118987,25.0215072181,1,600,309237,292674,271712,7,8
baseline_expected,always_tau_min_1s,burst_600s_cv2_0.5,600,0.5,0.385601879258,2.9154713301,20860643,0.00158598452824,0.0015847275194,0.157804132256,true,157766400,0.2,1,1,1,,,,,
policy,measured_q16_high1_max3600,burst_600s_cv2_0.5,600,0.5,0.385357023861,2.65518328907,20860644,0.00913239100399,0.00909081737307,0.908665256277,true,6310797,4.99988828669,24.9994430181,1,600,309971,293183,272035,10,10
baseline_expected,always_tau_min_1s,burst_600s_cv2_0.5,600,0.5,0.385357023861,2.65518328907,20860644,0.00155774397115,0.00155653131776,0.154994220477,true,157766400,0.2,1,1,1,,,,,
policy,measured_q16_high1_max3600,burst_600s_cv2_0.5,600,0.5,0.383909930251,2.48281638079,20860645,0.00902417534364,0.00898357967923,0.897897888705,true,6315206,4.99639758386,24.9820043875,1,600,310257,293588,272398,6,7
baseline_expected,always_tau_min_1s,burst_600s_cv2_0.5,600,0.5,0.383909930251,2.48281638079,20860645,0.00160120090147,0.00159991966324,0.159318148648,true,157766400,0.2,1,1,1,,,,,
policy,measured_q16_high1_max3600,burst_600s_cv2_0.5,600,0.5,0.383679453376,2.88088176373,20860646,0.00890387982877,0.00886435767791,0.885928585726,true,6307185,5.00275162374,25.0137649363,1,600,309857,293364,272029,6,7
baseline_expected,always_tau_min_1s,burst_600s_cv2_0.5,600,0.5,0.383679453376,2.88088176373,20860646,0.00150551828337,0.00150438555924,0.149797808284,true,157766400,0.2,1,1,1,,,,,
policy,measured_q16_high1_max3600,burst_600s_cv2_0.5,600,0.5,0.384805098171,2.7524077364,20860647,0.00889683323617,0.00885737352422,0.885227455665,true,6322418,4.99069817908,24.9534953241,1,600,310362,293904,272444,5,6
baseline_expected,always_tau_min_1s,burst_600s_cv2_0.5,600,0.5,0.384805098171,2.7524077364,20860647,0.00148785181615,0.00148674551338,0.148040009592,true,157766400,0.2,1,1,1,,,,,
policy,measured_q16_high1_max3600,burst_600s_cv2_0.5,600,0.5,0.384644858539,2.48164638386,20860648,0.00900051894062,0.00896013551809,0.895544096418,true,6317887,4.99427735887,24.9714023059,1,600,310417,293862,272244,9,8
baseline_expected,always_tau_min_1s,burst_600s_cv2_0.5,600,0.5,0.384644858539,2.48164638386,20860648,0.00145174516781,0.00145069189555,0.144447428322,true,157766400,0.2,1,1,1,,,,,
policy,measured_q16_high1_max3600,burst_600s_cv2_0.5,600,0.5,0.384327839496,2.76662866263,20860649,0.00898692904996,0.00894666730317,0.894191913679,true,6318448,4.99383392884,24.9691705938,1,600,310157,293588,272566,6,7
baseline_expected,always_tau_min_1s,burst_600s_cv2_0.5,600,0.5,0.384327839496,2.76662866263,20860649,0.00161628832238,0.00161498283186,0.160819334393,true,157766400,0.2,1,1,1,,,,,
policy,measured_q16_high1_max3600,burst_600s_cv2_0.5,600,0.5,0.385290607182,2.91329004877,20860650,0.00910672121375,0.00906538061573,0.906111133647,true,6324718,4.98888329883,24.9444185496,1,600,310176,293402,272603,6,7
baseline_expected,always_tau_min_1s,burst_600s_cv2_0.5,600,0.5,0.385290607182,2.91329004877,20860650,0.00155606759105,0.00155485754559,0.154827422061,true,157766400,0.2,1,1,1,,,,,
policy,measured_q16_high1_max3600,burst_600s_cv2_0.6,600,0.6,0.454205291838,2.79592992078,20960621,0.00953706708514,0.00949173349182,0.948930187424,true,6289655,5.01669487436,25.0834753258,1,600,310204,292752,271571,11,8
baseline_expected,always_tau_min_1s,burst_600s_cv2_0.6,600,0.6,0.454205291838,2.79592992078,20960621,0.001623896509,0.00162257870248,0.161576342589,true,157766400,0.2,1,1,1,,,,,
policy,measured_q16_high1_max3600,burst_600s_cv2_0.6,600,0.6,0.453550836024,2.64186889877,20960622,0.00928640947851,0.00924342394135,0.923989965497,true,6291438,5.01527313787,25.0763660073,1,600,309860,292785,271652,7,8
baseline_expected,always_tau_min_1s,burst_600s_cv2_0.6,600,0.6,0.453550836024,2.64186889877,20960622,0.00161022756355,0.00160893184271,0.160216293965,true,157766400,0.2,1,1,1,,,,,
policy,measured_q16_high1_max3600,burst_600s_cv2_0.6,600,0.6,0.455188110222,2.87073325039,20960623,0.00950032407986,0.00945533857272,0.945274289172,true,6283296,5.02177201265,25.1088638829,1,600,309979,292574,271278,7,8
baseline_expected,always_tau_min_1s,burst_600s_cv2_0.6,600,0.6,0.455188110222,2.87073325039,20960623,0.00165394239851,0.00165257538953,0.164565883431,true,157766400,0.2,1,1,1,,,,,
policy,measured_q16_high1_max3600,burst_600s_cv2_0.6,600,0.6,0.453180562176,3.17248184462,20960624,0.00936291542297,0.00931921980947,0.931602242895,true,6289691,5.01666616055,25.0833344595,1,600,310161,293005,271527,7,8
baseline_expected,always_tau_min_1s,burst_600s_cv2_0.6,600,0.6,0.453180562176,3.17248184462,20960624,0.00154046436087,0.00153927845468,0.153274913727,true,157766400,0.2,1,1,1,,,,,
policy,measured_q16_high1_max3600,burst_600s_cv2_0.6,600,0.6,0.451230076937,2.86286414173,20960625,0.00928439616436,0.00924142923511,0.923789642425,true,6297707,5.01028072598,25.0514082348,1,600,310350,293298,271713,6,7
baseline_expected,always_tau_min_1s,burst_600s_cv2_0.6,600,0.6,0.451230076937,2.86286414173,20960625,0.00160751956493,0.00160622819741,0.15994685037,true,157766400,0.2,1,1,1,,,,,
policy,measured_q16_high1_max3600,burst_600s_cv2_0.6,600,0.6,0.456420116694,2.96694053538,20960626,0.00952498719436,0.00947976818787,0.947728248409,true,6282695,5.02225239328,25.1112750181,1,600,309900,292470,271111,10,8
baseline_expected,always_tau_min_1s,burst_600s_cv2_0.6,600,0.6,0.456420116694,2.96694053538,20960626,0.00165071859062,0.00164935690404,0.164245117246,true,157766400,0.2,1,1,1,,,,,
policy,measured_q16_high1_max3600,burst_600s_cv2_0.6,600,0.6,0.454141592699,2.9122498985,20960627,0.00948925084375,0.00944436997709,0.944172511453,true,6284765,5.02059822444,25.1030320147,1,600,310127,292717,271124,7,8
baseline_expected,always_tau_min_1s,burst_600s_cv2_0.6,600,0.6,0.454141592699,2.9122498985,20960627,0.00161009861124,0.00160880309786,0.160203463318,true,157766400,0.2,1,1,1,,,,,
policy,measured_q16_high1_max3600,burst_600s_cv2_0.6,600,0.6,0.455018555186,3.39714193489,20960628,0.00959494983808,0.00954906517782,0.954689472864,true,6298765,5.00943915196,25.0471963948,1,600,310710,293170,271845,6,7
baseline_expected,always_tau_min_1s,burst_600s_cv2_0.6,600,0.6,0.455018555186,3.39714193489,20960628,0.00164491573642,0.00164356360401,0.163667738113,true,157766400,0.2,1,1,1,,,,,
policy,measured_q16_high1_max3600,burst_600s_cv2_0.6,600,0.6,0.45353753824,3.02750086095,20960629,0.00932214576404,0.00927882926861,0.927545695977,true,6304121,5.00518311752,25.0259168566,1,600,310540,293316,272158,6,7
baseline_expected,always_tau_min_1s,burst_600s_cv2_0.6,600,0.6,0.45353753824,3.02750086095,20960629,0.00157876319857,0.00157751760754,0.157085616002,true,157766400,0.2,1,1,1,,,,,
policy,measured_q16_high1_max3600,burst_600s_cv2_0.6,600,0.6,0.455091189331,3.04863458188,20960630,0.00947968758433,0.00943489699132,0.94322097515,true,6309902,5.00059747362,25.002988636,1,600,311220,293794,272391,5,6
baseline_expected,always_tau_min_1s,burst_600s_cv2_0.6,600,0.6,0.455091189331,3.04863458188,20960630,0.00168140924171,0.00167999646512,0.167298811325,true,157766400,0.2,1,1,1,,,,,
policy,measured_q16_high1_max3600,burst_600s_cv2_0.6,600,0.6,0.456358326103,3.13038252982,20960631,0.00924161321235,0.00919904075197,0.919532774532,true,6284799,5.02057106361,25.1028599324,1,600,309983,292911,271252,5,6
baseline_expected,always_tau_min_1s,burst_600s_cv2_0.6,600,0.6,0.456358326103,3.13038252982,20960631,0.00159127157318,0.00159000617185,0.158330188799,true,157766400,0.2,1,1,1,,,,,
policy,measured_q16_high1_max3600,burst_600s_cv2_0.6,600,0.6,0.453776087156,3.2833178409,20960632,0.00944646802163,0.00940199030521,0.939915656484,true,6291160,5.01549475772,25.0774818952,1,600,309499,292301,271486,12,9
baseline_expected,always_tau_min_1s,burst_600s_cv2_0.6,600,0.6,0.453776087156,3.2833178409,20960632,0.00164001554843,0.00163867145781,0.163180173512,true,157766400,0.2,1,1,1,,,,,
policy,measured_q16_high1_max3600,burst_600s_cv2_0.6,600,0.6,0.456044338044,2.80905542105,20960633,0.00959897646506,0.00955305334624,0.955090118875,true,6263819,5.03738693599,25.1869349992,1,600,309339,291801,270392,7,8
baseline_expected,always_tau_min_1s,burst_600s_cv2_0.6,600,0.6,0.456044338044,2.80905542105,20960633,0.00164504468874,0.00164369234438,0.163680568761,true,157766400,0.2,1,1,1,,,,,
policy,measured_q16_high1_max3600,burst_600s_cv2_0.6,600,0.6,0.452731569861,3.50856344568,20960634,0.00953757038288,0.00949223201226,0.948980265127,true,6273760,5.0294050139,25.1470279386,1,600,309802,292335,270857,6,7
baseline_expected,always_tau_min_1s,burst_600s_cv2_0.6,600,0.6,0.452731569861,3.50856344568,20960634,0.0016513633522,0.00165000060197,0.164309270483,true,157766400,0.2,1,1,1,,,,,
policy,measured_q16_high1_max3600,burst_600s_cv2_0.6,600,0.6,0.452802278703,2.8038937905,20960635,0.00940267837654,0.00935861142018,0.935558623473,true,6256995,5.0428808078,25.2144200211,1,600,308562,291373,270046,7,8
baseline_expected,always_tau_min_1s,burst_600s_cv2_0.6,600,0.6,0.452802278703,2.8038937905,20960635,0.00156883387028,0.00156760389372,0.156097656153,true,157766400,0.2,1,1,1,,,,,
policy,measured_q16_high1_max3600,burst_600s_cv2_0.6,600,0.6,0.455811787805,2.95126958557,20960636,0.00940318171881,0.00935911005173,0.935608705607,true,6274256,5.02900742335,25.1450457233,1,600,309540,292318,270786,8,8
baseline_expected,always_tau_min_1s,burst_600s_cv2_0.6,600,0.6,0.455811787805,2.95126958557,20960636,0.00165987420502,0.00165849737572,0.165156093211,true,157766400,0.2,1,1,1,,,,,
policy,measured_q16_high1_max3600,burst_600s_cv2_0.6,600,0.6,0.456449302963,2.95130419674,20960637,0.00944596460575,0.00940149162231,0.939865567025,true,6292201,5.01466497971,25.0733438109,1,600,309937,292617,271551,8,8
baseline_expected,always_tau_min_1s,burst_600s_cv2_0.6,600,0.6,0.456449302963,2.95130419674,20960637,0.00162467022289,0.00162335116067,0.161653326473,true,157766400,0.2,1,1,1,,,,,
policy,measured_q16_high1_max3600,burst_600s_cv2_0.6,600,0.6,0.454227862312,3.23401812163,20960638,0.00944999124152,0.00940548039367,0.940266213912,true,6294520,5.0128174984,25.064087492,1,600,310377,293064,271597,7,8
baseline_expected,always_tau_min_1s,burst_600s_cv2_0.6,600,0.6,0.454227862312,3.23401812163,20960638,0.00159449538106,0.00159322484868,0.158650954984,true,157766400,0.2,1,1,1,,,,,
policy,measured_q16_high1_max3600,burst_600s_cv2_0.6,600,0.6,0.452096070792,3.07563767252,20960639,0.00948270757929,0.00943788848843,0.94352146212,true,6305028,5.00446310468,25.022315682,1,1200,310903,293514,272136,6,7
baseline_expected,always_tau_min_1s,burst_600s_cv2_0.6,600,0.6,0.452096070792,3.07563767252,20960639,0.00164981592441,0.00164845572625,0.164155302714,true,157766400,0.2,1,1,1,,,,,
policy,measured_q16_high1_max3600,burst_600s_cv2_0.6,600,0.6,0.451586219478,2.92881390492,20960640,0.00944646793362,0.00940199021803,0.939915647727,true,6287874,5.01811582102,25.0905822858,1,600,309800,292491,271566,8,8
baseline_expected,always_tau_min_1s,burst_600s_cv2_0.6,600,0.6,0.451586219478,2.92881390492,20960640,0.00161590146543,0.0016145965996,0.16078084245,true,157766400,0.2,1,1,1,,,,,
policy,measured_q16_high1_max3600,burst_600s_cv2_0.6,600,0.6,0.453554022646,3.08990560847,20960641,0.00921946676947,0.00917709779215,0.917329222014,true,6285383,5.02010458233,25.1005257754,1,600,309530,292521,271329,6,7
baseline_expected,always_tau_min_1s,burst_600s_cv2_0.6,600,0.6,0.453554022646,3.08990560847,20960641,0.00160197461536,0.00160069213895,0.159395132532,true,157766400,0.2,1,1,1,,,,,
policy,measured_q16_high1_max3600,burst_600s_cv2_0.6,600,0.6,0.453019681544,2.71193846295,20960642,0.00942079818284,0.00937656148762,0.937361529024,true,6295268,5.0122218784,25.0611151106,1,600,310409,293137,271673,6,7
baseline_expected,always_tau_min_1s,burst_600s_cv2_0.6,600,0.6,0.453019681544,2.71193846295,20960642,0.00162905460162,0.00162772841241,0.162089568484,true,157766400,0.2,1,1,1,,,,,
policy,measured_q16_high1_max3600,burst_600s_cv2_0.6,600,0.6,0.452149041367,2.91762438363,20960643,0.00928993278801,0.00924691467725,0.924340531841,true,6278477,5.02562643775,25.1281364892,1,600,309433,292360,270873,9,7
baseline_expected,always_tau_min_1s,burst_600s_cv2_0.6,600,0.6,0.452149041367,2.91762438363,20960643,0.0015598072082,0.00155859134119,0.155199510835,true,157766400,0.2,1,1,1,,,,,
policy,measured_q16_high1_max3600,burst_600s_cv2_0.6,600,0.6,0.452725646827,3.48048700276,20960644,0.00933070238079,0.00928730645371,0.928397072178,true,6284359,5.02092257938,25.1046167159,1,600,309727,292601,271136,5,6
baseline_expected,always_tau_min_1s,burst_600s_cv2_0.6,600,0.6,0.452725646827,3.48048700276,20960644,0.00161757784554,0.00161627027162,0.160947640866,true,157766400,0.2,1,1,1,,,,,
policy,measured_q16_high1_max3600,burst_600s_cv2_0.6,600,0.6,0.451633581252,2.91575692916,20960645,0.00925016982217,0.00920751861292,0.920384150043,true,6273981,5.02922785389,25.1461502673,1,600,309209,292200,270845,5,6
baseline_expected,always_tau_min_1s,burst_600s_cv2_0.6,600,0.6,0.451633581252,2.91575692916,20960645,0.00160184566305,0.00160056339304,0.159382301885,true,157766400,0.2,1,1,1,,,,,
policy,measured_q16_high1_max3600,burst_600s_cv2_0.6,600,0.6,0.453615718175,3.33820408967,20960646,0.00945603116477,0.00941146349048,0.940867181217,true,6250994,5.04772201029,25.2386138908,1,600,308741,291394,269895,7,7
baseline_expected,always_tau_min_1s,burst_600s_cv2_0.6,600,0.6,0.453615718175,3.33820408967,20960646,0.00154214074097,0.00154095225296,0.153441712143,true,157766400,0.2,1,1,1,,,,,
policy,measured_q16_high1_max3600,burst_600s_cv2_0.6,600,0.6,0.456215672936,3.2814125074,20960647,0.00935335214167,0.00930974560519,0.930650704415,true,6285136,5.02030186777,25.101512521,1,600,309831,292611,271277,5,6
baseline_expected,always_tau_min_1s,burst_600s_cv2_0.6,600,0.6,0.456215672936,3.2814125074,20960647,0.00159991137831,0.00159863220238,0.159189842174,true,157766400,0.2,1,1,1,,,,,
policy,measured_q16_high1_max3600,burst_600s_cv2_0.6,600,0.6,0.456099324746,2.96092930137,20960648,0.00932063581216,0.00927733332619,0.92739545703,true,6294287,5.01300306135,25.0650280167,1,600,309935,292791,271799,7,8
baseline_expected,always_tau_min_1s,burst_600s_cv2_0.6,600,0.6,0.456099324746,2.96092930137,20960648,0.00172757417065,0.00172608277335,0.171892183091,true,157766400,0.2,1,1,1,,,,,
policy,measured_q16_high1_max3600,burst_600s_cv2_0.6,600,0.6,0.453399844297,2.77911693461,20960649,0.00918574377729,0.00914368371576,0.913973812536,true,6294762,5.01262478232,25.0631270888,1,600,310191,293246,271760,7,8
baseline_expected,always_tau_min_1s,burst_600s_cv2_0.6,600,0.6,0.453399844297,2.77911693461,20960649,0.00158160014951,0.00158035007912,0.157367890244,true,157766400,0.2,1,1,1,,,,,
policy,measured_q16_high1_max3600,burst_600s_cv2_0.6,600,0.6,0.454048228706,2.7893945001,20960650,0.00936593538406,0.00932221162237,0.931902726494,true,6297543,5.01041120323,25.0520625266,1,600,310056,292911,271663,6,7
baseline_expected,always_tau_min_1s,burst_600s_cv2_0.6,600,0.6,0.454048228706,2.7893945001,20960650,0.0016380812637,0.00163674034087,0.162987713802,true,157766400,0.2,1,1,1,,,,,
policy,measured_q16_high1_max3600,burst_600s_cv2_0.65,600,0.65,0.488940669519,3.58786069311,21060621,0.00972480858891,0.0096776755482,0.967610309811,true,6286373,5.01931399871,25.09658606,1,600,310753,293026,271419,7,8
baseline_expected,always_tau_min_1s,burst_600s_cv2_0.65,600,0.65,0.488940669519,3.58786069311,21060621,0.00173505340495,0.00173354906995,0.172636360639,true,157766400,0.2,1,1,1,,,,,
policy,measured_q16_high1_max3600,burst_600s_cv2_0.65,600,0.65,0.492963363258,3.3244462234,21060622,0.00968303231078,0.00963630270314,0.963453605126,true,6276149,5.0274905838,25.137457699,1,600,310260,292554,271150,7,8
baseline_expected,always_tau_min_1s,burst_600s_cv2_0.65,600,0.65,0.492963363258,3.3244462234,21060622,0.00174846444576,0.00174693677229,0.173970747968,true,157766400,0.2,1,1,1,,,,,
policy,measured_q16_high1_max3600,burst_600s_cv2_0.65,600,0.65,0.488574185194,3.34046748077,21060623,0.00971323202226,0.00966621094945,0.966458451125,true,6271336,5.0313489821,25.1567501725,1,600,309964,292201,270877,9,8
baseline_expected,always_tau_min_1s,burst_600s_cv2_0.65,600,0.65,0.488574185194,3.34046748077,21060623,0.00162209117658,0.00162077629773,0.161396713525,true,157766400,0.2,1,1,1,,,,,
policy,measured_q16_high1_max3600,burst_600s_cv2_0.65,600,0.65,0.488311927332,3.14773780799,21060624,0.00972682190706,0.0096796693801,0.96781063328,true,6307884,5.0021972503,25.0110017876,1,600,311730,293969,272626,10,8
baseline_expected,always_tau_min_1s,burst_600s_cv2_0.65,600,0.65,0.488311927332,3.14773780799,21060624,0.0016905648561,0.00168913665627,0.168209787289,true,157766400,0.2,1,1,1,,,,,
policy,measured_q16_high1_max3600,burst_600s_cv2_0.65,600,0.65,0.488767362598,3.37792204022,21060625,0.00955418022023,0.00950868404855,0.950632930033,true,6276042,5.02757629729,25.1378826018,1,600,310032,292529,270918,6,7
baseline_expected,always_tau_min_1s,burst_600s_cv2_0.65,600,0.65,0.488767362598,3.37792204022,21060625,0.00160674585103,0.00160545572598,0.159869866486,true,157766400,0.2,1,1,1,,,,,
policy,measured_q16_high1_max3600,burst_600s_cv2_0.65,600,0.65,0.489845391052,3.34878061902,21060626,0.00951089397209,0.00946580846771,0.946325984596,true,6292404,5.014503201,25.0725202959,1,600,310836,293386,271764,7,8
baseline_expected,always_tau_min_1s,burst_600s_cv2_0.65,600,0.65,0.489845391052,3.34878061902,21060626,0.00161577251312,0.00161446785548,0.160768011803,true,157766400,0.2,1,1,1,,,,,
policy,measured_q16_high1_max3600,burst_600s_cv2_0.65,600,0.65,0.485345797439,3.04701448542,21060627,0.00958588997774,0.00954009179003,0.953788024348,true,6258379,5.04176560736,25.2088317119,1,600,308933,291518,270296,8,9
baseline_expected,always_tau_min_1s,burst_600s_cv2_0.65,600,0.65,0.485345797439,3.04701448542,21060627,0.00172847683686,0.00172698388108,0.171981997622,true,157766400,0.2,1,1,1,,,,,
policy,measured_q16_high1_max3600,burst_600s_cv2_0.65,600,0.65,0.488324349717,3.14266683557,21060628,0.00966088587857,0.00961436943779,0.96125005367,true,6264034,5.03721403811,25.1860743412,1,600,309468,291859,270748,6,7
baseline_expected,always_tau_min_1s,burst_600s_cv2_0.65,600,0.65,0.488324349717,3.14266683557,21060628,0.00164581840263,0.00164446478623,0.163757552645,true,157766400,0.2,1,1,1,,,,,
policy,measured_q16_high1_max3600,burst_600s_cv2_0.65,600,0.65,0.486890007691,3.06052362966,21060629,0.00962162621953,0.00957548647235,0.957343750476,true,6291181,5.01547801597,25.0773958022,1,600,310850,293200,271783,6,7
baseline_expected,always_tau_min_1s,burst_600s_cv2_0.65,600,0.65,0.486890007691,3.06052362966,21060629,0.00158185805414,0.00158060757614,0.157393551539,true,157766400,0.2,1,1,1,,,,,
policy,measured_q16_high1_max3600,burst_600s_cv2_0.65,600,0.65,0.488351920548,3.43272632125,21060630,0.00964427600815,0.00959791912417,0.959597385473,true,6269770,5.03260566177,25.1630292658,1,600,310003,292363,270753,6,7
baseline_expected,always_tau_min_1s,burst_600s_cv2_0.65,600,0.65,0.488351920548,3.43272632125,21060630,0.00175671739395,0.00175517526911,0.174791909401,true,157766400,0.2,1,1,1,,,,,
policy,measured_q16_high1_max3600,burst_600s_cv2_0.65,600,0.65,0.489992044901,3.43495859733,21060631,0.00974292843575,0.00969561987447,0.969413219396,true,6265858,5.03574769808,25.178752056,1,600,309468,291755,270577,7,8
baseline_expected,always_tau_min_1s,burst_600s_cv2_0.65,600,0.65,0.489992044901,3.43495859733,21060631,0.00171390522521,0.00171243732838,0.170532134467,true,157766400,0.2,1,1,1,,,,,
policy,measured_q16_high1_max3600,burst_600s_cv2_0.65,600,0.65,0.488100585761,3.31733587714,21060632,0.00963924272516,0.00959293413769,0.959096578032,true,6266381,5.03532740828,25.1766405522,1,600,309868,292216,270632,6,7
baseline_expected,always_tau_min_1s,burst_600s_cv2_0.65,600,0.65,0.488100585761,3.31733587714,21060632,0.00172422141045,0.00172273579468,0.171558586258,true,157766400,0.2,1,1,1,,,,,
policy,measured_q16_high1_max3600,burst_600s_cv2_0.65,600,0.65,0.490154684083,3.34380348921,21060633,0.00969007890658,0.00964328137122,0.964154735506,true,6271840,5.03094466696,25.1547279586,1,600,309893,292162,270753,6,7
baseline_expected,always_tau_min_1s,burst_600s_cv2_0.65,600,0.65,0.490154684083,3.34380348921,21060633,0.00160429575704,0.00160300956251,0.159626084185,true,157766400,0.2,1,1,1,,,,,
policy,measured_q16_high1_max3600,burst_600s_cv2_0.65,600,0.65,0.488234306631,3.18057757671,21060634,0.00964377271148,0.00959742065798,0.959547307876,true,6275977,5.02762836766,25.1381493272,1,600,310073,292455,270822,9,8
baseline_expected,always_tau_min_1s,burst_600s_cv2_0.65,600,0.65,0.488234306631,3.18057757671,21060634,0.00168282771718,0.00168141255655,0.167439948446,true,157766400,0.2,1,1,1,,,,,
policy,measured_q16_high1_max3600,burst_600s_cv2_0.65,600,0.65,0.48866698245,3.26542485386,21060635,0.0096790056694,0.00963231485567,0.963052957681,true,6281409,5.02328060472,25.1164031828,1,600,310592,292863,271232,6,7
baseline_expected,always_tau_min_1s,burst_600s_cv2_0.65,600,0.65,0.48866698245,3.26542485386,21060635,0.00165484506471,0.00165347656361,0.164655697962,true,157766400,0.2,1,1,1,,,,,
policy,measured_q16_high1_max3600,burst_600s_cv2_0.65,600,0.65,0.487619547754,3.48006960895,21060636,0.00951995388818,0.00947478258372,0.947227438659,true,6271884,5.03090937269,25.1545470229,1,600,309706,292273,270870,7,8
baseline_expected,always_tau_min_1s,burst_600s_cv2_0.65,600,0.65,0.487619547754,3.48006960895,21060636,0.00160868013577,0.00160738690344,0.160062326196,true,157766400,0.2,1,1,1,,,,,
policy,measured_q16_high1_max3600,burst_600s_cv2_0.65,600,0.65,0.48939254294,2.96071802791,21060637,0.00978722132843,0.00973948234869,0.973820325121,true,6264051,5.03720036762,25.186002796,1,600,310183,292375,270474,7,8
baseline_expected,always_tau_min_1s,burst_600s_cv2_0.65,600,0.65,0.48939254294,2.96071802791,21060637,0.00169791513809,0.00169647449566,0.168941134191,true,157766400,0.2,1,1,1,,,,,
policy,measured_q16_high1_max3600,burst_600s_cv2_0.65,600,0.65,0.489076744882,3.22298832992,21060638,0.00955770354306,0.00951217386307,0.950983497704,true,6273954,5.02924949721,25.1462497175,1,600,309944,292431,270813,11,9
baseline_expected,always_tau_min_1s,burst_600s_cv2_0.65,600,0.65,0.489076744882,3.22298832992,21060638,0.00171906331783,0.00171758657481,0.171045360363,true,157766400,0.2,1,1,1,,,,,
policy,measured_q16_high1_max3600,burst_600s_cv2_0.65,600,0.65,0.486027260412,3.15815471684,21060639,0.00952750382358,0.0094822609569,0.947978650909,true,6286920,5.01887728808,25.0943883491,1,600,310399,292966,271415,6,7
baseline_expected,always_tau_min_1s,burst_600s_cv2_0.65,600,0.65,0.486027260412,3.15815471684,21060639,0.00161951213027,0.00161820142816,0.161140100577,true,157766400,0.2,1,1,1,,,,,
policy,measured_q16_high1_max3600,burst_600s_cv2_0.65,600,0.65,0.49049142657,2.96170505053,21060640,0.00963974608184,0.00959343266557,0.9591466616,true,6277512,5.02639899374,25.1320018186,1,600,310067,292482,271160,6,7
baseline_expected,always_tau_min_1s,burst_600s_cv2_0.65,600,0.65,0.49049142657,2.96170505053,21060640,0.00173801930821,0.00173650982728,0.172931465529,true,157766400,0.2,1,1,1,,,,,
policy,measured_q16_high1_max3600,burst_600s_cv2_0.65,600,0.65,0.486209361632,3.28268597841,21060641,0.00958387657157,0.00953809758993,0.95358769212,true,6271921,5.0308796938,25.1543994256,1,600,309871,292252,270724,6,7
baseline_expected,always_tau_min_1s,burst_600s_cv2_0.65,600,0.65,0.486209361632,3.28268597841,21060641,0.00161680413164,0.00161549780796,0.160870656982,true,157766400,0.2,1,1,1,,,,,
policy,measured_q16_high1_max3600,burst_600s_cv2_0.65,600,0.65,0.489503714879,3.25883602826,21060642,0.00951341065625,0.00946830132629,0.946576392563,true,6251526,5.04729245307,25.2364725029,1,600,308736,291404,270019,7,8
baseline_expected,always_tau_min_1s,burst_600s_cv2_0.65,600,0.65,0.489503714879,3.25883602826,21060642,0.00158263176804,0.0015813800668,0.157470535424,true,157766400,0.2,1,1,1,,,,,
policy,measured_q16_high1_max3600,burst_600s_cv2_0.65,600,0.65,0.487552981265,3.11699313776,21060643,0.00947113101745,0.00942642111851,0.942369603912,true,6285510,5.0200031501,25.1000162278,1,600,310397,293015,271502,7,8
baseline_expected,always_tau_min_1s,burst_600s_cv2_0.65,600,0.65,0.487552981265,3.11699313776,21060643,0.00171287360669,0.00171140747591,0.170429489288,true,157766400,0.2,1,1,1,,,,,
policy,measured_q16_high1_max3600,burst_600s_cv2_0.65,600,0.65,0.4879846065,3.66978069674,21060644,0.00963722943902,0.00959094016286,0.958896257746,true,6253608,5.04561206906,25.2280645029,1,600,309282,291702,270028,6,7
baseline_expected,always_tau_min_1s,burst_600s_cv2_0.65,600,0.65,0.4879846065,3.66978069674,21060644,0.00160442470936,0.0016031383081,0.159638914833,true,157766400,0.2,1,1,1,,,,,
policy,measured_q16_high1_max3600,burst_600s_cv2_0.65,600,0.65,0.484751604717,3.70893526064,21060645,0.00951391392465,0.00946879982946,0.946626467347,true,6262154,5.0387262913,25.1936362472,1,600,309527,292051,270393,6,7
baseline_expected,always_tau_min_1s,burst_600s_cv2_0.65,600,0.65,0.484751604717,3.70893526064,21060645,0.00159991137831,0.00159863220238,0.159189842174,true,157766400,0.2,1,1,1,,,,,
policy,measured_q16_high1_max3600,burst_600s_cv2_0.65,600,0.65,0.489260832136,3.6669008919,21060646,0.00967648902018,0.00962982244447,0.962802553191,true,6287447,5.01845661681,25.0922869012,1,600,310397,292658,271435,6,7
baseline_expected,always_tau_min_1s,burst_600s_cv2_0.65,600,0.65,0.489260832136,3.6669008919,21060646,0.00164465783179,0.00164330612323,0.163642076818,true,157766400,0.2,1,1,1,,,,,
policy,measured_q16_high1_max3600,burst_600s_cv2_0.65,600,0.65,0.487143167291,3.49067907427,21060647,0.00946509108566,0.0094204381036,0.941768635758,true,6268081,5.03396175002,25.1698111432,1,600,309408,292069,270721,6,7
baseline_expected,always_tau_min_1s,burst_600s_cv2_0.65,600,0.65,0.487143167291,3.49067907427,21060647,0.00159191633475,0.00159064990805,0.158394342036,true,157766400,0.2,1,1,1,,,,,
policy,measured_q16_high1_max3600,burst_600s_cv2_0.65,600,0.65,0.49070341535,3.05340630908,21060648,0.00964377270668,0.00959742065323,0.959547307399,true,6273057,5.02996864208,25.1498513404,1,600,309973,292398,270987,6,7
baseline_expected,always_tau_min_1s,burst_600s_cv2_0.65,600,0.65,0.49070341535,3.05340630908,21060648,0.00178921337746,0.0017876136894,0.178025232543,true,157766400,0.2,1,1,1,,,,,
policy,measured_q16_high1_max3600,burst_600s_cv2_0.65,600,0.65,0.489192395436,3.56414951058,21060649,0.00971071538798,0.00966371863835,0.966208048121,true,6273628,5.02951083488,25.1475560872,1,600,309897,292193,270697,6,7
baseline_expected,always_tau_min_1s,burst_600s_cv2_0.65,600,0.65,0.489192395436,3.56414951058,21060649,0.00168321457412,0.00168179876295,0.167478440388,true,157766400,0.2,1,1,1,,,,,
policy,measured_q16_high1_max3600,burst_600s_cv2_0.65,600,0.65,0.48702407814,3.42365700238,21060650,0.00940620166604,0.00936210173043,0.935909187827,true,6274830,5.02854738694,25.1427421938,1,600,309771,292529,270993,7,8
baseline_expected,always_tau_min_1s,burst_600s_cv2_0.65,600,0.65,0.48702407814,3.42365700238,21060650,0.00156174149293,0.00156052260929,0.155391970546,true,157766400,0.2,1,1,1,,,,,
policy,measured_q16_high1_max3600,burst_600s_cv2_0.7,600,0.7,0.522518380307,3.45588087513,21160621,0.0095979697645,0.00955205626225,0.954989953013,true,6260271,5.04024186812,25.2012104588,1,600,309765,292125,270268,5,6
baseline_expected,always_tau_min_1s,burst_600s_cv2_0.7,600,0.7,0.522518380307,3.45588087513,21160621,0.00158095538794,0.00157970633629,0.157303737008,true,157766400,0.2,1,1,1,,,,,
policy,measured_q16_high1_max3600,burst_600s_cv2_0.7,600,0.7,0.522376740758,3.62759472576,21160622,0.00988184724426,0.0098331822238,0.983235524495,true,6255899,5.04376429351,25.2188221069,1,600,309821,291927,270288,17,9
baseline_expected,always_tau_min_1s,burst_600s_cv2_0.7,600,0.7,0.522376740758,3.62759472576,21160622,0.00172177131645,0.00172028991855,0.171314803958,true,157766400,0.2,1,1,1,,,,,
policy,measured_q16_high1_max3600,burst_600s_cv2_0.7,600,0.7,0.521368475336,3.50551849484,21160623,0.00969511220209,0.00964826611671,0.964655544194,true,6271086,5.03154955936,25.1577500293,1,600,310271,292578,270863,6,7
baseline_expected,always_tau_min_1s,burst_600s_cv2_0.7,600,0.7,0.521368475336,3.50551849484,21160623,0.00165316868461,0.00165180295396,0.164488899546,true,157766400,0.2,1,1,1,,,,,
policy,measured_q16_high1_max3600,burst_600s_cv2_0.7,600,0.7,0.524314824727,3.38365703023,21160624,0.00993469655449,0.00988551047436,0.988493986599,true,6262991,5.03805290475,25.1902681961,1,600,310223,292156,270539,7,8
baseline_expected,always_tau_min_1s,burst_600s_cv2_0.7,600,0.7,0.524314824727,3.38365703023,21160624,0.00166748239163,0.00166609291529,0.165913101407,true,157766400,0.2,1,1,1,,,,,
policy,measured_q16_high1_max3600,burst_600s_cv2_0.7,600,0.7,0.521508653025,3.66023319243,21160625,0.00995331971506,0.00990394936379,0.990346975479,true,6245142,5.05245196987,25.2622635322,1,600,309472,291341,269528,10,8
baseline_expected,always_tau_min_1s,burst_600s_cv2_0.7,600,0.7,0.521508653025,3.66023319243,21160625,0.0016855357158,0.00168411599825,0.167709392041,true,157766400,0.2,1,1,1,,,,,
policy,measured_q16_high1_max3600,burst_600s_cv2_0.7,600,0.7,0.51890399342,3.17551812392,21160626,0.00980081117296,0.00975293974373,0.975172503269,true,6250443,5.04816698592,25.2408376494,1,600,309277,291388,270029,6,7
baseline_expected,always_tau_min_1s,burst_600s_cv2_0.7,600,0.7,0.51890399342,3.17551812392,21160626,0.00163859707296,0.00163725530575,0.163039036391,true,157766400,0.2,1,1,1,,,,,
policy,measured_q16_high1_max3600,burst_600s_cv2_0.7,600,0.7,0.52575300056,3.53209900203,21160627,0.00974343171748,0.00969611827644,0.969463295506,true,6279418,5.02487332425,25.1243717173,1,600,310445,292626,271172,6,7
baseline_expected,always_tau_min_1s,burst_600s_cv2_0.7,600,0.7,0.52575300056,3.53209900203,21160627,0.00167019039026,0.00166879639847,0.166182545002,true,157766400,0.2,1,1,1,,,,,
policy,measured_q16_high1_max3600,burst_600s_cv2_0.7,600,0.7,0.520253066357,3.07838947745,21160628,0.00994425976777,0.00989497910512,0.989445518311,true,6265952,5.03567215325,25.1783666712,1,600,310204,292045,270595,6,7
baseline_expected,always_tau_min_1s,burst_600s_cv2_0.7,600,0.7,0.520253066357,3.07838947745,21160628,0.00165652144481,0.00165515017045,0.164822496378,true,157766400,0.2,1,1,1,,,,,
policy,measured_q16_high1_max3600,burst_600s_cv2_0.7,600,0.7,0.52173174533,3.0881102551,21160629,0.00984510409364,0.00979679970687,0.979579611781,true,6264146,5.03712397508,25.1856291344,1,600,310226,292277,270898,7,8
baseline_expected,always_tau_min_1s,burst_600s_cv2_0.7,600,0.7,0.52173174533,3.0881102551,21160629,0.00168424619265,0.00168282864597,0.167581085567,true,157766400,0.2,1,1,1,,,,,
policy,measured_q16_high1_max3600,burst_600s_cv2_0.7,600,0.7,0.522662570044,3.48605768442,21160630,0.0100439189199,0.00999364721537,0.999361520483,true,6269631,5.03271723647,25.1635882558,1,600,310490,292280,270811,14,9
baseline_expected,always_tau_min_1s,burst_600s_cv2_0.7,600,0.7,0.522662570044,3.48605768442,21160630,0.00172860578918,0.00172711261068,0.17199482827,true,157766400,0.2,1,1,1,,,,,
policy,measured_q16_high1_max3600,burst_600s_cv2_0.7,600,0.7,0.523583246819,3.52252549644,21160631,0.00982245429062,0.00977437154545,0.977325975351,true,6260352,5.0401766546,25.2008850301,1,600,309863,291931,270262,6,7
baseline_expected,always_tau_min_1s,burst_600s_cv2_0.7,600,0.7,0.523583246819,3.52252549644,21160631,0.00159217423938,0.00159090740241,0.15842000333,true,157766400,0.2,1,1,1,,,,,
policy,measured_q16_high1_max3600,burst_600s_cv2_0.7,600,0.7,0.522800065757,3.33375420432,21160632,0.00984158078841,0.00979331091261,0.979229045861,true,6275783,5.02778378411,25.1389192392,1,600,310268,292349,271049,6,7
baseline_expected,always_tau_min_1s,burst_600s_cv2_0.7,600,0.7,0.522800065757,3.33375420432,21160632,0.00173905092673,0.00173753965385,0.173034110708,true,157766400,0.2,1,1,1,,,,,
policy,measured_q16_high1_max3600,burst_600s_cv2_0.7,600,0.7,0.52308734903,2.98844826921,21160633,0.00969058221845,0.00964377982939,0.964204814615,true,6234880,5.06076780948,25.3038411325,1,600,308703,290958,269263,6,7
baseline_expected,always_tau_min_1s,burst_600s_cv2_0.7,600,0.7,0.52308734903,2.98844826921,21160633,0.00159630071348,0.00159502730317,0.158830584047,true,157766400,0.2,1,1,1,,,,,
policy,measured_q16_high1_max3600,burst_600s_cv2_0.7,600,0.7,0.521638581027,3.57181575885,21160634,0.00983101093031,0.00978284451311,0.978177353833,true,6261358,5.03936685939,25.1968357344,1,600,309994,292121,270455,11,9
baseline_expected,always_tau_min_1s,burst_600s_cv2_0.7,600,0.7,0.521638581027,3.57181575885,21160634,0.00166335591754,0.00166197330778,0.16550252069,true,157766400,0.2,1,1,1,,,,,
policy,measured_q16_high1_max3600,burst_600s_cv2_0.7,600,0.7,0.524097270364,3.28190287513,21160635,0.00973084853883,0.00968365702738,0.968211279769,true,6264673,5.03670023958,25.1835018364,1,600,310250,292482,270770,10,8
baseline_expected,always_tau_min_1s,burst_600s_cv2_0.7,600,0.7,0.524097270364,3.28190287513,21160635,0.00166438753606,0.00166300321125,0.165605165869,true,157766400,0.2,1,1,1,,,,,
policy,measured_q16_high1_max3600,burst_600s_cv2_0.7,600,0.7,0.525165921104,3.41310267386,21160636,0.00987731709447,0.00982869660964,0.982784778385,true,6247444,5.0505902894,25.2529596104,1,600,309440,291405,269880,7,8
baseline_expected,always_tau_min_1s,burst_600s_cv2_0.7,600,0.7,0.525165921104,3.41310267386,21160636,0.0016638717268,0.00166248825965,0.16555384328,true,157766400,0.2,1,1,1,,,,,
policy,measured_q16_high1_max3600,burst_600s_cv2_0.7,600,0.7,0.523327353253,3.28659451627,21160637,0.00990651015955,0.00985760232301,0.98568946391,true,6247314,5.05069538685,25.2534799756,1,1200,309405,291363,269977,7,8
baseline_expected,always_tau_min_1s,burst_600s_cv2_0.7,600,0.7,0.523327353253,3.28659451627,21160637,0.00173157169243,0.0017300733871,0.17228993316,true,157766400,0.2,1,1,1,,,,,
policy,measured_q16_high1_max3600,burst_600s_cv2_0.7,600,0.7,0.522239794426,3.19467034796,21160638,0.00989694693613,0.00984813332477,0.984737931189,true,6254624,5.04479246075,25.2239675798,1,600,309594,291608,270419,6,7
baseline_expected,always_tau_min_1s,burst_600s_cv2_0.7,600,0.7,0.522239794426,3.19467034796,21160638,0.00171777379467,0.00171629926569,0.170917053889,true,157766400,0.2,1,1,1,,,,,
policy,measured_q16_high1_max3600,burst_600s_cv2_0.7,600,0.7,0.523620018054,3.48911890923,21160639,0.00982849421921,0.00978035241947,0.977926943187,true,6266374,5.03533303311,25.1766723467,1,600,310412,292439,270741,6,7
baseline_expected,always_tau_min_1s,burst_600s_cv2_0.7,600,0.7,0.523620018054,3.48911890923,21160639,0.00163782335907,0.00163648285833,0.162962052507,true,157766400,0.2,1,1,1,,,,,
policy,measured_q16_high1_max3600,burst_600s_cv2_0.7,600,0.7,0.521249707368,3.60121699258,21160640,0.00988839042419,0.00983966104226,0.983886565418,true,6255645,5.04396908712,25.2198542277,1,600,309874,292010,270126,12,9
baseline_expected,always_tau_min_1s,burst_600s_cv2_0.7,600,0.7,0.521249707368,3.60121699258,21160640,0.00160751956493,0.00160622819741,0.15994685037,true,157766400,0.2,1,1,1,,,,,
policy,measured_q16_high1_max3600,burst_600s_cv2_0.7,600,0.7,0.52074402201,3.63036234171,21160641,0.00995583639949,0.00990644111996,0.990597383471,true,6267230,5.03464528986,25.1732285236,1,600,310461,292366,270782,12,8
baseline_expected,always_tau_min_1s,burst_600s_cv2_0.7,600,0.7,0.52074402201,3.63036234171,21160641,0.00171519474836,0.00171372464248,0.170660440941,true,157766400,0.2,1,1,1,,,,,
policy,measured_q16_high1_max3600,burst_600s_cv2_0.7,600,0.7,0.522128548222,3.30370780492,21160642,0.00988889368112,0.00984015934718,0.98393663906,true,6253308,5.04585413033,25.229271771,1,600,309391,291413,270075,9,8
baseline_expected,always_tau_min_1s,burst_600s_cv2_0.7,600,0.7,0.522128548222,3.30370780492,21160642,0.00173737454663,0.00173586618513,0.172867312292,true,157766400,0.2,1,1,1,,,,,
policy,measured_q16_high1_max3600,burst_600s_cv2_0.7,600,0.7,0.52330131658,3.54892992329,21160643,0.00986674722118,0.00981823056911,0.981733084845,true,6263170,5.03790891833,25.1895457093,1,600,309993,292064,270600,8,8
baseline_expected,always_tau_min_1s,burst_600s_cv2_0.7,600,0.7,0.52330131658,3.54892992329,21160643,0.00173324807253,0.00173174686554,0.172456731576,true,157766400,0.2,1,1,1,,,,,
policy,measured_q16_high1_max3600,burst_600s_cv2_0.7,600,0.7,0.52230093193,3.49790578599,21160644,0.00990198019724,0.00985311700511,0.985238736454,true,6248485,5.04974885912,25.2487484566,1,600,309718,291658,270162,6,7
baseline_expected,always_tau_min_1s,burst_600s_cv2_0.7,600,0.7,0.52230093193,3.49790578599,21160644,0.00173698768968,0.00173547999964,0.17282882035,true,157766400,0.2,1,1,1,,,,,
policy,measured_q16_high1_max3600,burst_600s_cv2_0.7,600,0.7,0.521079224595,3.22778098654,21160645,0.00978973800272,0.00974197450874,0.974070732105,true,6264879,5.03653462421,25.1826895619,1,1200,309974,292135,270524,12,9
baseline_expected,always_tau_min_1s,burst_600s_cv2_0.7,600,0.7,0.521079224595,3.22778098654,21160645,0.00161731994091,0.0016160127838,0.160921979572,true,157766400,0.2,1,1,1,,,,,
policy,measured_q16_high1_max3600,burst_600s_cv2_0.7,600,0.7,0.523872574541,3.11809550119,21160646,0.00990751683636,0.0098585990759,0.98578962741,true,6270790,5.03178706351,25.1589375501,1,600,310722,292703,270897,9,8
baseline_expected,always_tau_min_1s,burst_600s_cv2_0.7,600,0.7,0.523872574541,3.11809550119,21160646,0.00172654255213,0.00172505293495,0.171789537911,true,157766400,0.2,1,1,1,,,,,
policy,measured_q16_high1_max3600,burst_600s_cv2_0.7,600,0.7,0.523184770752,3.53178660837,21160647,0.00997848613957,0.00992886622776,0.992851013639,true,6249489,5.04893760114,25.2446926461,1,600,309804,291666,270055,6,7
baseline_expected,always_tau_min_1s,burst_600s_cv2_0.7,600,0.7,0.523184770752,3.53178660837,21160647,0.00179411356545,0.00179250510577,0.178512797144,true,157766400,0.2,1,1,1,,,,,
policy,measured_q16_high1_max3600,burst_600s_cv2_0.7,600,0.7,0.525527249487,3.40228988472,21160648,0.00985567398427,0.00980726599109,0.980631307046,true,6263620,5.03754697763,25.1877387198,1,600,310179,292198,270287,9,9
baseline_expected,always_tau_min_1s,burst_600s_cv2_0.7,600,0.7,0.525527249487,3.40228988472,21160648,0.00162853879235,0.00162721344261,0.162038245895,true,157766400,0.2,1,1,1,,,,,
policy,measured_q16_high1_max3600,burst_600s_cv2_0.7,600,0.7,0.523884808411,4.05378180603,21160649,0.00985869394856,0.00981025633327,0.980931790964,true,6281068,5.02355331928,25.1177810844,1,600,310733,292703,271381,10,8
baseline_expected,always_tau_min_1s,burst_600s_cv2_0.7,600,0.7,0.523884808411,4.05378180603,21160649,0.00159913766442,0.00159785972508,0.15911285829,true,157766400,0.2,1,1,1,,,,,
policy,measured_q16_high1_max3600,burst_600s_cv2_0.7,600,0.7,0.524224883475,3.45377168945,21160650,0.00972883523322,0.00968166321592,0.968010957547,true,6249969,5.04854984081,25.242749204,1,600,309073,291369,269779,6,7
baseline_expected,always_tau_min_1s,burst_600s_cv2_0.7,600,0.7,0.524224883475,3.45377168945,21160650,0.00165677934945,0.00165540764818,0.164848157673,true,157766400,0.2,1,1,1,,,,,
policy,measured_q16_high1_max3600,burst_600s_cv2_0.75,600,0.75,0.554566515411,4.16355905797,21260621,0.0100378788945,0.0099876675338,0.998760543015,true,6255500,5.04408600432,25.2204404124,1,600,310063,291795,270224,9,9
baseline_expected,always_tau_min_1s,burst_600s_cv2_0.75,600,0.75,0.554566515411,4.16355905797,21260621,0.00168824371443,0.00168681943263,0.167978835636,true,157766400,0.2,1,1,1,,,,,
policy,measured_q16_high1_max3600,burst_600s_cv2_0.75,600,0.75,0.555515649936,3.88670917384,21260622,0.0100575087175,0.0100071011099,1.00071369396,false,6278270,5.02579213701,25.1289621185,1,600,310754,292523,271353,7,7
baseline_expected,always_tau_min_1s,burst_600s_cv2_0.75,600,0.75,0.555515649936,3.88670917384,21260622,0.0017204817933,0.00171900261292,0.171186497484,true,157766400,0.2,1,1,1,,,,,
policy,measured_q16_high1_max3600,burst_600s_cv2_0.75,600,0.75,0.554179272279,3.42737292472,21260623,0.00990248352138,0.00985361536981,0.985288816784,true,6249831,5.0486613158,25.2433180993,1,600,309573,291526,270044,6,7
baseline_expected,always_tau_min_1s,burst_600s_cv2_0.75,600,0.75,0.554179272279,3.42737292472,21260623,0.00173505340495,0.00173354906995,0.172636360639,true,157766400,0.2,1,1,1,,,,,
policy,measured_q16_high1_max3600,burst_600s_cv2_0.75,600,0.75,0.554704319813,3.56589520281,21260624,0.010130491309,0.0100793507207,1.00797540069,false,6238856,5.05754260076,25.2877160492,1,600,309921,291473,269858,6,7
baseline_expected,always_tau_min_1s,burst_600s_cv2_0.75,600,0.75,0.554704319813,3.56589520281,21260624,0.00174756177955,0.00174603568258,0.173880933436,true,157766400,0.2,1,1,1,,,,,
policy,measured_q16_high1_max3600,burst_600s_cv2_0.75,600,0.75,0.555298095993,3.57281744779,21260625,0.00994425980271,0.00989497913972,0.989445521788,true,6265368,5.03614153231,25.1807114921,1,600,310499,292428,270906,7,8
baseline_expected,always_tau_min_1s,burst_600s_cv2_0.75,600,0.75,0.555298095993,3.57281744779,21260625,0.00178186309547,0.00178027651992,0.177293885642,true,157766400,0.2,1,1,1,,,,,
policy,measured_q16_high1_max3600,burst_600s_cv2_0.75,600,0.75,0.556479109154,3.39862788032,21260626,0.00994425982084,0.00989497915767,0.989445523592,true,6266682,5.03508555245,25.1754284005,1,600,310670,292583,270776,9,9
baseline_expected,always_tau_min_1s,burst_600s_cv2_0.75,600,0.75,0.556479109154,3.39862788032,21260626,0.00173311912022,0.00173161813653,0.172443900928,true,157766400,0.2,1,1,1,,,,,
policy,measured_q16_high1_max3600,burst_600s_cv2_0.75,600,0.75,0.555270356797,3.64979870708,21260627,0.0100081825024,0.00995826730281,0.995805776868,true,6246221,5.05157918684,25.2579047395,1,600,310028,291808,269816,6,7
baseline_expected,always_tau_min_1s,burst_600s_cv2_0.75,600,0.75,0.555270356797,3.64979870708,21260627,0.00168373038338,0.0016823137046,0.167529762978,true,157766400,0.2,1,1,1,,,,,
policy,measured_q16_high1_max3600,burst_600s_cv2_0.75,600,0.75,0.555269987532,3.50721045748,21260628,0.00989392693903,0.00984514306449,0.984437444007,true,6240916,5.05587320836,25.2793838276,1,1200,309597,291557,269630,6,7
baseline_expected,always_tau_min_1s,burst_600s_cv2_0.75,600,0.75,0.555269987532,3.50721045748,21260628,0.00165613458787,0.00165476395374,0.164784004436,true,157766400,0.2,1,1,1,,,,,
policy,measured_q16_high1_max3600,burst_600s_cv2_0.75,600,0.75,0.555189160004,3.62530208955,21260629,0.0100645553549,0.0100140772063,1.00141482848,false,6260554,5.04001403071,25.2000747857,1,600,310518,292273,270512,12,9
baseline_expected,always_tau_min_1s,burst_600s_cv2_0.75,600,0.75,0.555189160004,3.62530208955,21260629,0.00166503229764,0.00166364690038,0.165669319106,true,157766400,0.2,1,1,1,,,,,
policy,measured_q16_high1_max3600,burst_600s_cv2_0.75,600,0.75,0.55555529916,3.71763987105,21260630,0.00989644358666,0.00984763493222,0.984687848338,true,6257856,5.04218697266,25.2109393377,1,600,310207,292180,270422,6,7
baseline_expected,always_tau_min_1s,burst_600s_cv2_0.75,600,0.75,0.55555529916,3.71763987105,21260630,0.00165793992029,0.00165656629713,0.1649636335,true,157766400,0.2,1,1,1,,,,,
policy,measured_q16_high1_max3600,burst_600s_cv2_0.75,600,0.75,0.557234653517,3.48483508643,21260631,0.0104350052053,0.0103807494223,1.03827427834,false,6244375,5.05307256531,25.2653660294,1,600,310505,291774,269945,14,10
baseline_expected,always_tau_min_1s,burst_600s_cv2_0.75,600,0.75,0.557234653517,3.48483508643,21260631,0.00189250418217,0.00189071452528,0.188302581103,true,157766400,0.2,1,1,1,,,,,
policy,measured_q16_high1_max3600,burst_600s_cv2_0.75,600,0.75,0.556418918576,3.36893479794,21260632,0.0100610319969,0.0100105891253,1.00106425731,false,6250482,5.04813548779,25.2406799988,1,600,310349,292054,270245,6,7
baseline_expected,always_tau_min_1s,burst_600s_cv2_0.75,600,0.75,0.556418918576,3.36893479794,21260632,0.00176303605741,0.00176148282228,0.175420611123,true,157766400,0.2,1,1,1,,,,,
policy,measured_q16_high1_max3600,burst_600s_cv2_0.75,600,0.75,0.556258186942,3.61267279469,21260633,0.00992714658947,0.00987803511638,0.987742771404,true,6231460,5.06354530078,25.3177441563,1,600,309315,291157,269554,6,7
baseline_expected,always_tau_min_1s,burst_600s_cv2_0.75,600,0.75,0.556258186942,3.61267279469,21260633,0.0016048115663,0.00160352454479,0.159677406775,true,157766400,0.2,1,1,1,,,,,
policy,measured_q16_high1_max3600,burst_600s_cv2_0.75,600,0.75,0.555429588867,3.36330931117,21260634,0.0100655619546,0.0100150737254,1.00151498431,false,6247223,5.05076895766,25.2538604753,1,600,309903,291582,270050,8,9
baseline_expected,always_tau_min_1s,burst_600s_cv2_0.75,600,0.75,0.555429588867,3.36330931117,21260634,0.00169159647463,0.00169016653172,0.168312432469,true,157766400,0.2,1,1,1,,,,,
policy,measured_q16_high1_max3600,burst_600s_cv2_0.75,600,0.75,0.554369573791,3.48301421273,21260635,0.0100841851358,0.0100335102223,1.00336797524,false,6259409,5.04093597335,25.2046841802,1,600,310307,292089,270485,6,7
baseline_expected,always_tau_min_1s,burst_600s_cv2_0.75,600,0.75,0.554369573791,3.48301421273,21260635,0.00179695051639,0.00179533696744,0.178795071387,true,157766400,0.2,1,1,1,,,,,
policy,measured_q16_high1_max3600,burst_600s_cv2_0.75,600,0.75,0.553966001496,3.37905140792,21260636,0.00989191365528,0.0098431495998,0.98423712396,true,6242291,5.05475954261,25.273801718,1,600,309395,291408,269766,9,9
baseline_expected,always_tau_min_1s,burst_600s_cv2_0.75,600,0.75,0.553966001496,3.37905140792,21260636,0.00166825610552,0.0016668653398,0.165990085291,true,157766400,0.2,1,1,1,,,,,
policy,measured_q16_high1_max3600,burst_600s_cv2_0.75,600,0.75,0.558443211491,3.5835413308,21260637,0.00992160998476,0.00987255318727,0.987191883871,true,6253851,5.04541601647,25.2270885571,1,600,309867,291736,270011,6,7
baseline_expected,always_tau_min_1s,burst_600s_cv2_0.75,600,0.75,0.558443211491,3.5835413308,21260637,0.00171970807941,0.00171823022875,0.1711095136,true,157766400,0.2,1,1,1,,,,,
policy,measured_q16_high1_max3600,burst_600s_cv2_0.75,600,0.75,0.555125636516,3.6715388045,21260638,0.00992362334104,0.00987454666458,0.987392211136,true,6240767,5.0559939187,25.2799702344,1,600,309760,291665,269963,10,9
baseline_expected,always_tau_min_1s,burst_600s_cv2_0.75,600,0.75,0.555125636516,3.6715388045,21260638,0.00177141795792,0.00176984992315,0.176254603203,true,157766400,0.2,1,1,1,,,,,
policy,measured_q16_high1_max3600,burst_600s_cv2_0.75,600,0.75,0.556175792338,3.44880689558,21260639,0.00983352751046,0.00978533647081,0.97842775145,true,6228965,5.06557349415,25.327872287,1,600,308865,290893,269387,7,7
baseline_expected,always_tau_min_1s,burst_600s_cv2_0.75,600,0.75,0.556175792338,3.44880689558,21260639,0.00169907570893,0.00169763309695,0.169056610017,true,157766400,0.2,1,1,1,,,,,
policy,measured_q16_high1_max3600,burst_600s_cv2_0.75,600,0.75,0.551124785246,3.73138635976,21260640,0.0102331703577,0.0101809896131,1.01819188004,false,6258015,5.04205886371,25.2102944784,1,600,310382,291897,270468,6,7
baseline_expected,always_tau_min_1s,burst_600s_cv2_0.75,600,0.75,0.551124785246,3.73138635976,21260640,0.00189675960858,0.00189496189686,0.188725992467,true,157766400,0.2,1,1,1,,,,,
policy,measured_q16_high1_max3600,burst_600s_cv2_0.75,600,0.75,0.558271349274,3.71058651987,21260641,0.0103353460791,0.0102821199179,1.02835827874,false,6240483,5.05622401343,25.2811242335,1,600,310189,291582,269694,7,8
baseline_expected,always_tau_min_1s,burst_600s_cv2_0.75,600,0.75,0.558271349274,3.71058651987,21260641,0.00183602306798,0.00183433860869,0.182682757546,true,157766400,0.2,1,1,1,,,,,
policy,measured_q16_high1_max3600,burst_600s_cv2_0.75,600,0.75,0.552545882322,3.42273664554,21260642,0.00988134370491,0.00983268363571,0.98318542275,true,6256371,5.04338377631,25.2169215988,1,600,310034,291948,270383,6,7
baseline_expected,always_tau_min_1s,burst_600s_cv2_0.75,600,0.75,0.552545882322,3.42273664554,21260642,0.0016247991752,0.00162347990364,0.16166615712,true,157766400,0.2,1,1,1,,,,,
policy,measured_q16_high1_max3600,burst_600s_cv2_0.75,600,0.75,0.556182460288,3.79943305235,21260643,0.0101596844626,0.0101082492045,1.01088009502,false,6230528,5.06430273646,25.3215176948,1,1200,309418,291069,269156,12,9
baseline_expected,always_tau_min_1s,burst_600s_cv2_0.75,600,0.75,0.556182460288,3.79943305235,21260643,0.00171519474836,0.00171372464248,0.170660440941,true,157766400,0.2,1,1,1,,,,,
policy,measured_q16_high1_max3600,burst_600s_cv2_0.75,600,0.75,0.553909448627,3.45301246847,21260644,0.00989845698455,0.0098496285009,0.984888179742,true,6272355,5.03053159459,25.152666901,1,600,310647,292683,271099,14,8
baseline_expected,always_tau_min_1s,burst_600s_cv2_0.75,600,0.75,0.553909448627,3.45301246847,21260644,0.00165677934945,0.00165540764818,0.164848157673,true,157766400,0.2,1,1,1,,,,,
policy,measured_q16_high1_max3600,burst_600s_cv2_0.75,600,0.75,0.554490208079,3.4141832101,21260645,0.01012596144,0.0100748664997,1.00752468252,false,6248579,5.04967289363,25.2483700694,1,600,309662,291442,269939,8,8
baseline_expected,always_tau_min_1s,burst_600s_cv2_0.75,600,0.75,0.554490208079,3.4141832101,21260645,0.00185975029403,0.00185802203,0.185043596666,true,157766400,0.2,1,1,1,,,,,
policy,measured_q16_high1_max3600,burst_600s_cv2_0.75,600,0.75,0.556784207215,3.3255942988,21260646,0.00987530378779,0.00982670308913,0.982584456056,true,6261126,5.03955358828,25.1977748092,1,600,310207,292201,270429,7,8
baseline_expected,always_tau_min_1s,burst_600s_cv2_0.75,600,0.75,0.556784207215,3.3255942988,21260646,0.00167160886573,0.00167021250579,0.166323682123,true,157766400,0.2,1,1,1,,,,,
policy,measured_q16_high1_max3600,burst_600s_cv2_0.75,600,0.75,0.553457946127,3.41768654926,21260647,0.0100816684492,0.0100310187838,1.00311756703,false,6257684,5.04232556326,25.2116330898,1,600,310317,291995,270503,6,7
baseline_expected,always_tau_min_1s,burst_600s_cv2_0.75,600,0.75,0.553457946127,3.41768654926,21260647,0.0017638097713,0.00176225517299,0.175497595007,true,157766400,0.2,1,1,1,,,,,
policy,measured_q16_high1_max3600,burst_600s_cv2_0.75,600,0.75,0.554090270783,3.67865649817,21260648,0.0101994473172,0.0101476093437,1.01483646576,false,6259425,5.04092308798,25.2046168777,1,600,310195,291673,270447,7,8
baseline_expected,always_tau_min_1s,burst_600s_cv2_0.75,600,0.75,0.554090270783,3.67865649817,21260648,0.0017912766145,0.00178967323606,0.178230522901,true,157766400,0.2,1,1,1,,,,,
policy,measured_q16_high1_max3600,burst_600s_cv2_0.75,600,0.75,0.558667587225,4.09716096328,21260649,0.0102407202931,0.0101884626545,1.01894309229,false,6247178,5.05080533963,25.2540305399,1,600,310129,291630,270154,7,8
baseline_expected,always_tau_min_1s,burst_600s_cv2_0.75,600,0.75,0.558667587225,4.09716096328,21260649,0.00189430951458,0.0018925164427,0.188482210166,true,157766400,0.2,1,1,1,,,,,
policy,measured_q16_high1_max3600,burst_600s_cv2_0.75,600,0.75,0.554517355636,3.59654700011,21260650,0.00990449683153,0.00985560883957,0.985489139458,true,6245559,5.05211463057,25.2605813187,1,600,309640,291576,269892,6,7
baseline_expected,always_tau_min_1s,burst_600s_cv2_0.75,600,0.75,0.554517355636,3.59654700011,21260650,0.00175091453976,0.00174938258313,0.174214530268,true,157766400,0.2,1,1,1,,,,,
policy,measured_q16_high1_max3600,burst_900s_cv2_0.75,900,0.75,0.471965065339,2.70332659247,21360621,0.00959545316436,0.00954956369767,0.954739553406,true,6270365,5.03212811375,25.1606483833,1,600,309406,291867,270455,6,7
baseline_expected,always_tau_min_1s,burst_900s_cv2_0.75,900,0.75,0.471965065339,2.70332659247,21360621,0.00172035284098,0.00171887388227,0.171173666837,true,157766400,0.2,1,1,1,,,,,
policy,measured_q16_high1_max3600,burst_900s_cv2_0.75,900,0.75,0.47652162621,2.76793084512,21360622,0.00951039065089,0.00946530991073,0.946275904558,true,6277995,5.02601228577,25.1300692339,1,600,309892,292473,270998,7,8
baseline_expected,always_tau_min_1s,burst_900s_cv2_0.75,900,0.75,0.47652162621,2.76793084512,21360622,0.00162499260368,0.00162367301807,0.161685403091,true,157766400,0.2,1,1,1,,,,,
policy,measured_q16_high1_max3600,burst_900s_cv2_0.75,900,0.75,0.471179628307,2.58243213786,21360623,0.00971172243681,0.00966471595484,0.966308248637,true,6281210,5.02343975126,25.1172033732,1,600,309847,292419,270974,18,14
baseline_expected,always_tau_min_1s,burst_900s_cv2_0.75,900,0.75,0.471179628307,2.58243213786,21360623,0.00166832058168,0.00166692970848,0.165996500615,true,157766400,0.2,1,1,1,,,,,
policy,measured_q16_high1_max3600,burst_900s_cv2_0.75,900,0.75,0.475667352606,2.5495383186,21360624,0.00955116026287,0.0095056928025,0.950332446805,true,6284582,5.02074441864,25.1037394372,1,600,310025,292537,271147,7,8
baseline_expected,always_tau_min_1s,burst_900s_cv2_0.75,900,0.75,0.475667352606,2.5495383186,21360624,0.00162615317452,0.00162483170384,0.161800878918,true,157766400,0.2,1,1,1,,,,,
policy,measured_q16_high1_max3600,burst_900s_cv2_0.75,900,0.75,0.472144543606,2.68981194991,21360625,0.00940116836119,0.00935711553534,0.93540837821,true,6274335,5.02894410324,25.1447216319,1,600,309371,292123,270795,5,6
baseline_expected,always_tau_min_1s,burst_900s_cv2_0.75,900,0.75,0.472144543606,2.68981194991,21360625,0.00166928772405,0.00166789523822,0.16609273047,true,157766400,0.2,1,1,1,,,,,
policy,measured_q16_high1_max3600,burst_900s_cv2_0.75,900,0.75,0.472970358908,2.69102300652,21360626,0.00953505375578,0.00948973927044,0.948729862839,true,6292138,5.01471518902,25.0735883415,1,600,310715,293227,271397,8,9
baseline_expected,always_tau_min_1s,burst_900s_cv2_0.75,900,0.75,0.472970358908,2.69102300652,21360626,0.00156812463254,0.00156689576754,0.156027087592,true,157766400,0.2,1,1,1,,,,,
policy,measured_q16_high1_max3600,burst_900s_cv2_0.75,900,0.75,0.47384201398,2.7374387289,21360627,0.00949831078864,0.00945334431585,0.945073968382,true,6287994,5.01802005536,25.0901142717,1,600,310437,293075,271325,6,7
baseline_expected,always_tau_min_1s,burst_900s_cv2_0.75,900,0.75,0.47384201398,2.7374387289,21360627,0.00163949973917,0.00163815649366,0.163128850923,true,157766400,0.2,1,1,1,,,,,
policy,measured_q16_high1_max3600,burst_900s_cv2_0.75,900,0.75,0.474773009317,2.6992401083,21360628,0.00937650532723,0.00933268297495,0.932954426987,true,6293016,5.01401553722,25.0700822944,1,600,310207,293061,271575,11,9
baseline_expected,always_tau_min_1s,burst_900s_cv2_0.75,900,0.75,0.474773009317,2.6992401083,21360628,0.00169888228045,0.00169743999683,0.169037364046,true,157766400,0.2,1,1,1,,,,,
policy,measured_q16_high1_max3600,burst_900s_cv2_0.75,900,0.75,0.471801300422,2.6926032484,21360629,0.00981490486752,0.00976689588499,0.976574814075,true,6260033,5.04043349292,25.2021692218,1,600,309157,291569,270190,22,9
baseline_expected,always_tau_min_1s,burst_900s_cv2_0.75,900,0.75,0.471801300422,2.6926032484,21360629,0.00163949973917,0.00163815649366,0.163128850923,true,157766400,0.2,1,1,1,,,,,
policy,measured_q16_high1_max3600,burst_900s_cv2_0.75,900,0.75,0.47232452157,2.6620357277,21360630,0.00974192177974,0.00969462297811,0.969313057965,true,6286485,5.01922457462,25.0961300313,1,600,310580,292835,271366,10,8
baseline_expected,always_tau_min_1s,burst_900s_cv2_0.75,900,0.75,0.47232452157,2.6620357277,21360630,0.00177509309891,0.00177351855295,0.176620276654,true,157766400,0.2,1,1,1,,,,,
policy,measured_q16_high1_max3600,burst_900s_cv2_0.75,900,0.75,0.472643774749,2.75562539662,21360631,0.00946710441795,0.0094224324674,0.941968960634,true,6285484,5.02002391542,25.1001208499,1,600,309748,292442,271160,8,8
baseline_expected,always_tau_min_1s,burst_900s_cv2_0.75,900,0.75,0.472643774749,2.75562539662,21360631,0.00169443342557,0.00169299868373,0.168594706711,true,157766400,0.2,1,1,1,,,,,
policy,measured_q16_high1_max3600,burst_900s_cv2_0.75,900,0.75,0.472780311515,2.62505588485,21360632,0.00959394320928,0.00954806816088,0.954589314141,true,6288659,5.01748942024,25.0874504405,1,600,310426,292925,271416,7,8
baseline_expected,always_tau_min_1s,burst_900s_cv2_0.75,900,0.75,0.472780311515,2.62505588485,21360632,0.00166039001428,0.00165901232938,0.1652074158,true,157766400,0.2,1,1,1,,,,,
policy,measured_q16_high1_max3600,burst_900s_cv2_0.75,900,0.75,0.473608387599,2.74657336467,21360633,0.00955971687696,0.00951416804378,0.95118382274,true,6261685,5.03910369174,25.1955189378,1,600,309518,292090,270207,9,9
baseline_expected,always_tau_min_1s,burst_900s_cv2_0.75,900,0.75,0.473608387599,2.74657336467,21360633,0.00160178118689,0.00160049902008,0.159375886561,true,157766400,0.2,1,1,1,,,,,
policy,measured_q16_high1_max3600,burst_900s_cv2_0.75,900,0.75,0.474498004481,2.81675079161,21360634,0.00957431337109,0.0095286255589,0.952636161681,true,6274862,5.02852174279,25.1426146105,1,600,310156,292631,270778,9,8
baseline_expected,always_tau_min_1s,burst_900s_cv2_0.75,900,0.75,0.474498004481,2.81675079161,21360634,0.00162151089116,0.00162019695266,0.161338975612,true,157766400,0.2,1,1,1,,,,,
policy,measured_q16_high1_max3600,burst_900s_cv2_0.75,900,0.75,0.474614672177,2.64952474292,21360635,0.00937751194404,0.00933368019682,0.933054584516,true,6279469,5.0248325137,25.1241780157,1,600,309615,292445,270888,7,7
baseline_expected,always_tau_min_1s,burst_900s_cv2_0.75,900,0.75,0.474614672177,2.64952474292,21360635,0.00152286236981,0.0015217034033,0.151523530358,true,157766400,0.2,1,1,1,,,,,
policy,measured_q16_high1_max3600,burst_900s_cv2_0.75,900,0.75,0.473253476967,2.76182278227,21360636,0.00944294468839,0.00939850009217,0.939565087778,true,6279700,5.02464767425,25.1232546141,1,600,309639,292409,270969,10,9
baseline_expected,always_tau_min_1s,burst_900s_cv2_0.75,900,0.75,0.473253476967,2.76182278227,21360636,0.00158804776529,0.00158678748465,0.158009422614,true,157766400,0.2,1,1,1,,,,,
policy,measured_q16_high1_max3600,burst_900s_cv2_0.75,900,0.75,0.471070749398,2.73438760504,21360637,0.00945552786811,0.00941096493044,0.940817103621,true,6267701,5.03426695051,25.171336029,1,600,309406,292126,270536,7,8
baseline_expected,always_tau_min_1s,burst_900s_cv2_0.75,900,0.75,0.471070749398,2.73438760504,21360637,0.00162383203284,0.00162251433094,0.161569927265,true,157766400,0.2,1,1,1,,,,,
policy,measured_q16_high1_max3600,burst_900s_cv2_0.75,900,0.75,0.475332465248,2.71642470091,21360638,0.00932466247701,0.00928132262629,0.927796106809,true,6278105,5.02592422395,25.1296271725,1,1200,309564,292492,270990,9,8
baseline_expected,always_tau_min_1s,burst_900s_cv2_0.75,900,0.75,0.475332465248,2.71642470091,21360638,0.00157586177147,0.00157462075329,0.156796926436,true,157766400,0.2,1,1,1,,,,,
policy,measured_q16_high1_max3600,burst_900s_cv2_0.75,900,0.75,0.47154249647,2.74032224615,21360639,0.00948472095078,0.00943988285594,0.943721790897,true,6271786,5.03098798333,25.1549863149,1,600,309626,292263,270596,11,10
baseline_expected,always_tau_min_1s,burst_900s_cv2_0.75,900,0.75,0.47154249647,2.74032224615,21360639,0.00154588035812,0.00154468610055,0.153813800917,true,157766400,0.2,1,1,1,,,,,
policy,measured_q16_high1_max3600,burst_900s_cv2_0.75,900,0.75,0.473351613873,2.78346773445,21360640,0.0094761643295,0.0094314069719,0.942870414246,true,6321704,4.99126184965,24.9563122538,1,600,311486,294147,272736,9,7
baseline_expected,always_tau_min_1s,burst_900s_cv2_0.75,900,0.75,0.473351613873,2.78346773445,21360640,0.00159056233544,0.00158929806156,0.158259620238,true,157766400,0.2,1,1,1,,,,,
policy,measured_q16_high1_max3600,burst_900s_cv2_0.75,900,0.75,0.478247721204,2.74472442926,21360641,0.00962565294358,0.00957947463053,0.957744406146,true,6262644,5.03833205272,25.1916602636,1,600,309214,291749,270167,9,10
baseline_expected,always_tau_min_1s,burst_900s_cv2_0.75,900,0.75,0.478247721204,2.74472442926,21360641,0.00169249914084,0.00169106767187,0.168402247,true,157766400,0.2,1,1,1,,,,,
policy,measured_q16_high1_max3600,burst_900s_cv2_0.75,900,0.75,0.474585660074,2.91219268236,21360642,0.00953757040235,0.00949223203155,0.948980267065,true,6282484,5.02242106785,25.112142904,1,600,310060,292640,271049,6,7
baseline_expected,always_tau_min_1s,burst_900s_cv2_0.75,900,0.75,0.474585660074,2.91219268236,21360642,0.00164278802322,0.00164143938558,0.163456032431,true,157766400,0.2,1,1,1,,,,,
policy,measured_q16_high1_max3600,burst_900s_cv2_0.75,900,0.75,0.476359690551,2.66893801755,21360643,0.00957733335779,0.00953161676476,0.952936647829,true,6267777,5.03420590745,25.1710395887,1,600,309540,292062,270619,7,8
baseline_expected,always_tau_min_1s,burst_900s_cv2_0.75,900,0.75,0.476359690551,2.66893801755,21360643,0.00165980972886,0.0016584330065,0.165149677887,true,157766400,0.2,1,1,1,,,,,
policy,measured_q16_high1_max3600,burst_900s_cv2_0.75,900,0.75,0.473039596359,2.71089170209,21360644,0.00953404708431,0.00948874215151,0.948629699871,true,6267931,5.03408221948,25.170415405,1,600,309445,291969,270435,7,8
baseline_expected,always_tau_min_1s,burst_900s_cv2_0.75,900,0.75,0.473039596359,2.71089170209,21360644,0.00159404404796,0.00159277423455,0.158606047718,true,157766400,0.2,1,1,1,,,,,
policy,measured_q16_high1_max3600,burst_900s_cv2_0.75,900,0.75,0.471992703638,2.80163003508,21360645,0.0093493255427,0.00930575648481,0.93025006119,true,6277853,5.02612597014,25.1306317622,1,600,309583,292400,270593,7,8
baseline_expected,always_tau_min_1s,burst_900s_cv2_0.75,900,0.75,0.471992703638,2.80163003508,21360645,0.00152731122469,0.00152614547846,0.151966187693,true,157766400,0.2,1,1,1,,,,,
policy,measured_q16_high1_max3600,burst_900s_cv2_0.75,900,0.75,0.479410926956,2.69180926538,21360646,0.00940418840283,0.00936010731358,0.935708869823,true,6296353,5.01135816242,25.0567912885,1,600,310324,293156,271496,12,7
baseline_expected,always_tau_min_1s,burst_900s_cv2_0.75,900,0.75,0.479410926956,2.69180926538,21360646,0.00163756545444,0.00163622537572,0.162936391212,true,157766400,0.2,1,1,1,,,,,
policy,measured_q16_high1_max3600,burst_900s_cv2_0.75,900,0.75,0.476273997218,2.61652934177,21360647,0.00949579414289,0.00945085145768,0.944823564237,true,6270477,5.0320382325,25.1601954684,1,600,309631,292317,270536,6,7
baseline_expected,always_tau_min_1s,burst_900s_cv2_0.75,900,0.75,0.476273997218,2.61652934177,21360647,0.00166251772749,0.00166113651043,0.165419121482,true,157766400,0.2,1,1,1,,,,,
policy,measured_q16_high1_max3600,burst_900s_cv2_0.75,900,0.75,0.475345761616,2.70039050189,21360648,0.00954159703118,0.00949622043066,0.949380913261,true,6279883,5.02450125265,25.1225102442,1,600,310088,292628,270929,8,9
baseline_expected,always_tau_min_1s,burst_900s_cv2_0.75,900,0.75,0.475345761616,2.70039050189,21360648,0.00154955549911,0.00154835555786,0.154179474368,true,157766400,0.2,1,1,1,,,,,
policy,measured_q16_high1_max3600,burst_900s_cv2_0.75,900,0.75,0.475232494249,2.69800542584,21360649,0.00946106447282,0.00941644941519,0.941367991153,true,6270891,5.03170602072,25.1585304226,1,600,309295,291990,270488,9,7
baseline_expected,always_tau_min_1s,burst_900s_cv2_0.75,900,0.75,0.475232494249,2.69800542584,21360649,0.00159327033407,0.00159200175271,0.158529063833,true,157766400,0.2,1,1,1,,,,,
policy,measured_q16_high1_max3600,burst_900s_cv2_0.75,900,0.75,0.473115247086,2.70550350544,21360650,0.00941375157557,0.00936958092871,0.936660397503,true,6279347,5.02493014003,25.1246529297,1,600,309817,292541,271188,6,7
baseline_expected,always_tau_min_1s,burst_900s_cv2_0.75,900,0.75,0.473115247086,2.70550350544,21360650,0.00156657720476,0.00156535076321,0.155873119823,true,157766400,0.2,1,1,1,,,,,
policy,measured_q16_high1_max3600,burst_900s_cv2_0.85,900,0.85,0.52576952489,2.72337248723,21460621,0.00991506677684,0.00986607455632,0.986540840163,true,6266470,5.03525589367,25.1762839366,1,600,310219,292220,270611,7,8
baseline_expected,always_tau_min_1s,burst_900s_cv2_0.85,900,0.85,0.52576952489,2.72337248723,21460621,0.00181435907898,0.00181271412454,0.180527208784,true,157766400,0.2,1,1,1,,,,,
policy,measured_q16_high1_max3600,burst_900s_cv2_0.85,900,0.85,0.525635377557,2.69242675071,21460622,0.0098159110571,0.00976789224672,0.976674929095,true,6266055,5.03558937801,25.1779545504,1,600,310641,292806,270619,7,8
baseline_expected,always_tau_min_1s,burst_900s_cv2_0.85,900,0.85,0.525635377557,2.69242675071,21460622,0.00164046688154,0.00163912205123,0.163225080778,true,157766400,0.2,1,1,1,,,,,
policy,measured_q16_high1_max3600,burst_900s_cv2_0.85,900,0.85,0.527974412046,2.76245687943,21460623,0.0098682572312,0.00981972575238,0.981883329577,true,6274716,5.02863874636,25.1432005847,1,600,310780,292882,271027,7,8
baseline_expected,always_tau_min_1s,burst_900s_cv2_0.85,900,0.85,0.527974412046,2.76245687943,21460623,0.00154704092896,0.001545844878,0.153929276744,true,157766400,0.2,1,1,1,,,,,
policy,measured_q16_high1_max3600,burst_900s_cv2_0.85,900,0.85,0.527402885172,2.86837233421,21460624,0.0098551706716,0.00980676761442,0.980581227857,true,6275366,5.02811788189,25.1405917997,1,600,310750,292831,270780,6,7
baseline_expected,always_tau_min_1s,burst_900s_cv2_0.85,900,0.85,0.527402885172,2.86837233421,21460624,0.00159385061949,0.00159258111414,0.158586801747,true,157766400,0.2,1,1,1,,,,,
policy,measured_q16_high1_max3600,burst_900s_cv2_0.85,900,0.85,0.525528391267,2.84271217963,21460625,0.00998754602711,0.00993783612027,0.993752464863,true,6252618,5.04641095938,25.2320581555,1,600,310368,292165,270135,6,7
baseline_expected,always_tau_min_1s,burst_900s_cv2_0.85,900,0.85,0.525528391267,2.84271217963,21460625,0.00171106827427,0.00170960523152,0.170249860225,true,157766400,0.2,1,1,1,,,,,
policy,measured_q16_high1_max3600,burst_900s_cv2_0.85,900,0.85,0.52652597515,2.87479995613,21460626,0.0097097087613,0.00966272173893,0.96610788961,true,6288195,5.01785965607,25.0892982803,1,600,310935,293269,271415,7,8
baseline_expected,always_tau_min_1s,burst_900s_cv2_0.85,900,0.85,0.52652597515,2.87479995613,21460626,0.001669674581,0.00166828144986,0.166131222412,true,157766400,0.2,1,1,1,,,,,
policy,measured_q16_high1_max3600,burst_900s_cv2_0.85,900,0.85,0.523319951059,2.69990238405,21460627,0.00982144765382,0.00977337474738,0.977225815832,true,6256454,5.04331686927,25.2165904201,1,600,309744,291870,270053,6,7
baseline_expected,always_tau_min_1s,burst_900s_cv2_0.85,900,0.85,0.523319951059,2.69990238405,21460627,0.0017433708293,0.00174185204111,0.173463937396,true,157766400,0.2,1,1,1,,,,,
policy,measured_q16_high1_max3600,burst_900s_cv2_0.85,900,0.85,0.523488825341,2.84225971915,21460628,0.00974695505899,0.00969960744907,0.969813865035,true,6269758,5.03261529392,25.1630831684,1,600,310109,292366,270507,7,8
baseline_expected,always_tau_min_1s,burst_900s_cv2_0.85,900,0.85,0.523488825341,2.84225971915,21460628,0.00161241975292,0.00161112050259,0.160434414971,true,157766400,0.2,1,1,1,,,,,
policy,measured_q16_high1_max3600,burst_900s_cv2_0.85,900,0.85,0.525501544156,2.79626049848,21460629,0.00994023320241,0.00989099237452,0.98904487843,true,6246026,5.05173689639,25.2586851223,1,600,309381,291364,269595,8,8
baseline_expected,always_tau_min_1s,burst_900s_cv2_0.85,900,0.85,0.525501544156,2.79626049848,21460629,0.00178263680937,0.00178104885609,0.177370869526,true,157766400,0.2,1,1,1,,,,,
policy,measured_q16_high1_max3600,burst_900s_cv2_0.85,900,0.85,0.522470955311,2.75105180525,21460630,0.00985869403872,0.00981025642254,0.980931799934,true,6250337,5.04825259822,25.2412679508,1,600,309673,291881,269955,10,8
baseline_expected,always_tau_min_1s,burst_900s_cv2_0.85,900,0.85,0.522470955311,2.75105180525,21460630,0.00176271367662,0.00176116100931,0.175388534504,true,157766400,0.2,1,1,1,,,,,
policy,measured_q16_high1_max3600,burst_900s_cv2_0.85,900,0.85,0.526591454264,2.81177566697,21460631,0.0100006326091,0.00995079256518,0.995054568811,true,6260215,5.040286955,25.201441484,1,600,310128,291987,270537,8,8
baseline_expected,always_tau_min_1s,burst_900s_cv2_0.85,900,0.85,0.526591454264,2.81177566697,21460631,0.00179134109066,0.00178973759682,0.178236938225,true,157766400,0.2,1,1,1,,,,,
policy,measured_q16_high1_max3600,burst_900s_cv2_0.85,900,0.85,0.525575861545,2.70676293024,21460632,0.00994878985463,0.0098994643567,0.989896258159,true,6271580,5.03115323411,25.1557723891,1,600,310283,292276,271123,14,9
baseline_expected,always_tau_min_1s,burst_900s_cv2_0.85,900,0.85,0.525575861545,2.70676293024,21460632,0.00179772423028,0.00179610929196,0.178872055271,true,157766400,0.2,1,1,1,,,,,
policy,measured_q16_high1_max3600,burst_900s_cv2_0.85,900,0.85,0.52652409448,2.80156508088,21460633,0.00981993770354,0.00977187955328,0.977075577043,true,6266227,5.03545115745,25.1772559468,1,600,310312,292444,270692,10,9
baseline_expected,always_tau_min_1s,burst_900s_cv2_0.85,900,0.85,0.52652409448,2.80156508088,21460633,0.00164008002459,0.00163873582831,0.163186588836,true,157766400,0.2,1,1,1,,,,,
policy,measured_q16_high1_max3600,burst_900s_cv2_0.85,900,0.85,0.527751165297,2.78036708836,21460634,0.00998251279748,0.0099328528975,0.993251662729,true,6254044,5.04526031477,25.2263036525,1,600,309988,291920,270019,9,8
baseline_expected,always_tau_min_1s,burst_900s_cv2_0.85,900,0.85,0.527751165297,2.78036708836,21460634,0.0017296374077,0.00172814244696,0.172097473449,true,157766400,0.2,1,1,1,,,,,
policy,measured_q16_high1_max3600,burst_900s_cv2_0.85,900,0.85,0.52340739942,2.82010351673,21460635,0.0098717805719,0.00982321448869,0.982233899026,true,6272148,5.03069761747,25.1534971751,1,600,310177,292321,270774,12,9
baseline_expected,always_tau_min_1s,burst_900s_cv2_0.85,900,0.85,0.52340739942,2.82010351673,21460635,0.00171493684373,0.00171346717979,0.170634779646,true,157766400,0.2,1,1,1,,,,,
policy,measured_q16_high1_max3600,burst_900s_cv2_0.85,900,0.85,0.527523288942,2.89604380636,21460636,0.00984057413773,0.00979231411988,0.979128884962,true,6271076,5.03155758278,25.1578038601,1,600,310042,292150,271076,6,7
baseline_expected,always_tau_min_1s,burst_900s_cv2_0.85,900,0.85,0.527523288942,2.89604380636,21460636,0.00174859339808,0.00174706549933,0.173983578615,true,157766400,0.2,1,1,1,,,,,
policy,measured_q16_high1_max3600,burst_900s_cv2_0.85,900,0.85,0.523967854464,2.82716904192,21460637,0.00989241698156,0.00984364797163,0.984287204503,true,6250623,5.04802161321,25.2401098259,1,600,309874,291893,270189,8,8
baseline_expected,always_tau_min_1s,burst_900s_cv2_0.85,900,0.85,0.523967854464,2.82716904192,21460637,0.00168205400328,0.00168064014329,0.167362964562,true,157766400,0.2,1,1,1,,,,,
policy,measured_q16_high1_max3600,burst_900s_cv2_0.85,900,0.85,0.524153427714,2.82773509478,21460638,0.0100444225801,0.009994145842,0.999411634247,true,6250289,5.04829136701,25.2414606749,1,600,309509,291462,269978,21,9
baseline_expected,always_tau_min_1s,burst_900s_cv2_0.85,900,0.85,0.524153427714,2.82773509478,21460638,0.00173137826396,0.00172988029325,0.172270687189,true,157766400,0.2,1,1,1,,,,,
policy,measured_q16_high1_max3600,burst_900s_cv2_0.85,900,0.85,0.528315946841,2.81103865923,21460639,0.00980936778757,0.00976141286995,0.976023879257,true,6268043,5.0339922684,25.1699792104,1,600,310306,292472,270500,6,7
baseline_expected,always_tau_min_1s,burst_900s_cv2_0.85,900,0.85,0.528315946841,2.81103865923,21460639,0.00165632801634,0.00165495706211,0.164803250407,true,157766400,0.2,1,1,1,,,,,
policy,measured_q16_high1_max3600,burst_900s_cv2_0.85,900,0.85,0.525808965201,2.81795781102,21460640,0.00987933049744,0.00983069022147,0.982985110293,true,6236350,5.05957491161,25.2978792082,1,600,309222,291335,269273,12,8
baseline_expected,always_tau_min_1s,burst_900s_cv2_0.85,900,0.85,0.525808965201,2.81795781102,21460640,0.001734666548,0.00173316288356,0.172597868697,true,157766400,0.2,1,1,1,,,,,
policy,measured_q16_high1_max3600,burst_900s_cv2_0.85,900,0.85,0.525474372392,2.74517180849,21460641,0.00991204678801,0.00986308435841,0.986240353804,true,6252572,5.04644808568,25.2322474655,1,600,309824,291826,270164,7,8
baseline_expected,always_tau_min_1s,burst_900s_cv2_0.85,900,0.85,0.525474372392,2.74517180849,21460641,0.00177547995586,0.00177390472372,0.176658768596,true,157766400,0.2,1,1,1,,,,,
policy,measured_q16_high1_max3600,burst_900s_cv2_0.85,900,0.85,0.525434233035,2.68247206939,21460642,0.00979879785907,0.00975094606356,0.974972180224,true,6248932,5.04938763936,25.2469455581,1,600,309792,291908,269906,6,7
baseline_expected,always_tau_min_1s,burst_900s_cv2_0.85,900,0.85,0.525434233035,2.68247206939,21460642,0.00161435403765,0.00161305166909,0.160626874682,true,157766400,0.2,1,1,1,,,,,
policy,measured_q16_high1_max3600,burst_900s_cv2_0.85,900,0.85,0.526840583487,2.81051714064,21460643,0.00974695503658,0.00969960742688,0.969813862806,true,6231604,5.0634282923,25.3171459547,1,600,308644,290880,269027,6,7
baseline_expected,always_tau_min_1s,burst_900s_cv2_0.85,900,0.85,0.526840583487,2.81051714064,21460643,0.00161938317795,0.00161807268451,0.16112726993,true,157766400,0.2,1,1,1,,,,,
policy,measured_q16_high1_max3600,burst_900s_cv2_0.85,900,0.85,0.528801197049,2.76844594765,21460644,0.00983201757806,0.00978384131247,0.978277514441,true,6241803,5.05515473654,25.2757887425,1,600,308929,291076,269524,8,8
baseline_expected,always_tau_min_1s,burst_900s_cv2_0.85,900,0.85,0.528801197049,2.76844594765,21460644,0.00177702738364,0.00177544940532,0.176812736365,true,157766400,0.2,1,1,1,,,,,
policy,measured_q16_high1_max3600,burst_900s_cv2_0.85,900,0.85,0.526767285771,2.83862351894,21460645,0.0098833571204,0.00983467725193,0.983385755906,true,6268079,5.03396335624,25.1698190147,1,600,310213,292239,270889,14,8
baseline_expected,always_tau_min_1s,burst_900s_cv2_0.85,900,0.85,0.526767285771,2.83862351894,21460645,0.00182306336027,0.00182140258965,0.181393277483,true,157766400,0.2,1,1,1,,,,,
policy,measured_q16_high1_max3600,burst_900s_cv2_0.85,900,0.85,0.525509016318,2.74073215222,21460646,0.00993117328179,0.00988202202487,0.988143423916,true,6272459,5.03044818627,25.152244917,1,600,310078,292052,270777,7,8
baseline_expected,always_tau_min_1s,burst_900s_cv2_0.85,900,0.85,0.525509016318,2.74073215222,21460646,0.00180468765532,0.00180306018572,0.17956491023,true,157766400,0.2,1,1,1,,,,,
policy,measured_q16_high1_max3600,burst_900s_cv2_0.85,900,0.85,0.52695084273,2.89028790887,21460647,0.0102392103247,0.0101869680692,1.0187928517,false,6255306,5.04424243994,25.2212152371,1,600,310172,291693,270212,7,8
baseline_expected,always_tau_min_1s,burst_900s_cv2_0.85,900,0.85,0.52695084273,2.89028790887,21460647,0.00178476452257,0.00178317277748,0.177582575208,true,157766400,0.2,1,1,1,,,,,
policy,measured_q16_high1_max3600,burst_900s_cv2_0.85,900,0.85,0.525236162513,2.86082317022,21460648,0.00974292844242,0.00969561988107,0.969413220059,true,6248845,5.04945793983,25.2472989809,1,600,309408,291690,269738,9,9
baseline_expected,always_tau_min_1s,burst_900s_cv2_0.85,900,0.85,0.525236162513,2.86082317022,21460648,0.00164027345306,0.00163892893979,0.163205834807,true,157766400,0.2,1,1,1,,,,,
policy,measured_q16_high1_max3600,burst_900s_cv2_0.85,900,0.85,0.52743647668,2.79534187943,21460649,0.00968303231025,0.00963630270261,0.963453605073,true,6264367,5.03694627087,25.1847495525,1,600,309994,292297,270461,6,7
baseline_expected,always_tau_min_1s,burst_900s_cv2_0.85,900,0.85,0.52743647668,2.79534187943,21460649,0.00161860946406,0.00161730022224,0.161050286046,true,157766400,0.2,1,1,1,,,,,
policy,measured_q16_high1_max3600,burst_900s_cv2_0.85,900,0.85,0.524416248277,2.64466158357,21460650,0.00990550351315,0.00985660559923,0.985589303436,true,6257152,5.04275427543,25.2137713771,1,600,310129,292123,270183,6,7
baseline_expected,always_tau_min_1s,burst_900s_cv2_0.85,900,0.85,0.524416248277,2.64466158357,21460650,0.00173795483205,0.00173644546308,0.172925050205,true,157766400,0.2,1,1,1,,,,,
policy,measured_q16_high1_max3600,burst_900s_cv2_0.9,900,0.9,0.552610769731,2.88779734753,21560621,0.0100001292735,0.00995029423803,0.99500448734,true,6254778,5.04466825201,25.2233484546,1,600,310312,292155,270367,7,8
baseline_expected,always_tau_min_1s,burst_900s_cv2_0.9,900,0.9,0.552610769731,2.88779734753,21560621,0.00180816936783,0.00180653561445,0.17991133771,true,157766400,0.2,1,1,1,,,,,
policy,measured_q16_high1_max3600,burst_900s_cv2_0.9,900,0.9,0.549353529613,2.86750360852,21560622,0.0100308324883,0.0099806914802,0.998059431501,true,6250153,5.04840121514,25.2420091156,1,600,309889,291840,270187,15,11
baseline_expected,always_tau_min_1s,burst_900s_cv2_0.9,900,0.9,0.549353529613,2.86750360852,21560622,0.00175188168212,0.00175034803313,0.174310760124,true,157766400,0.2,1,1,1,,,,,
policy,measured_q16_high1_max3600,burst_900s_cv2_0.9,900,0.9,0.553791146011,2.79268908125,21560623,0.00994375650684,0.00989448082382,0.98939544427,true,6247125,5.05084819017,25.2542483142,1,600,309486,291445,269652,9,9
baseline_expected,always_tau_min_1s,burst_900s_cv2_0.9,900,0.9,0.553791146011,2.79268908125,21560623,0.00165458716008,0.00165321908538,0.164630036667,true,157766400,0.2,1,1,1,,,,,
policy,measured_q16_high1_max3600,burst_900s_cv2_0.9,900,0.9,0.54987222617,2.76085895281,21560624,0.00985164735677,0.00980327884577,0.980230660982,true,6270668,5.03188496026,25.1594252797,1,600,310729,292803,270835,6,7
baseline_expected,always_tau_min_1s,burst_900s_cv2_0.9,900,0.9,0.54987222617,2.76085895281,21560624,0.00154858835675,0.00154738991251,0.154083244513,true,157766400,0.2,1,1,1,,,,,
policy,measured_q16_high1_max3600,burst_900s_cv2_0.9,900,0.9,0.549460034707,2.84846738731,21560625,0.0100358655849,0.00998567433044,0.998560220394,true,6226660,5.06744868035,25.3372523953,1,600,308638,290390,269087,7,8
baseline_expected,always_tau_min_1s,burst_900s_cv2_0.9,900,0.9,0.549460034707,2.84846738731,21560625,0.00181958164776,0.00181792721268,0.181046850004,true,157766400,0.2,1,1,1,,,,,
policy,measured_q16_high1_max3600,burst_900s_cv2_0.9,900,0.9,0.549246620053,2.77283370516,21560626,0.00992664334988,0.00987753684769,0.987692699486,true,6235468,5.06029058284,25.3014668666,1,600,309210,291231,269457,8,9
baseline_expected,always_tau_min_1s,burst_900s_cv2_0.9,900,0.9,0.549246620053,2.77283370516,21560626,0.00167644457756,0.00167504012928,0.1668048314,true,157766400,0.2,1,1,1,,,,,
policy,measured_q16_high1_max3600,burst_900s_cv2_0.9,900,0.9,0.550079193194,2.77460440631,21560627,0.0100137191562,0.00996374880594,0.996356669283,true,6265650,5.03591486917,25.1795821663,1,600,310525,292382,270664,8,9
baseline_expected,always_tau_min_1s,burst_900s_cv2_0.9,900,0.9,0.550079193194,2.77460440631,21560627,0.00168476200191,0.00168334358708,0.167632408157,true,157766400,0.2,1,1,1,,,,,
policy,measured_q16_high1_max3600,burst_900s_cv2_0.9,900,0.9,0.551887367561,2.90050926465,21560628,0.00992865661576,0.00987953022545,0.987893017754,true,6269808,5.0325751602,25.1628770769,1,600,310782,292713,270759,6,7
baseline_expected,always_tau_min_1s,burst_900s_cv2_0.9,900,0.9,0.551887367561,2.90050926465,21560628,0.00164839744894,0.00164703958806,0.164014165593,true,157766400,0.2,1,1,1,,,,,
policy,measured_q16_high1_max3600,burst_900s_cv2_0.9,900,0.9,0.551137510752,2.75093693623,21560629,0.0100575087151,0.0100071011075,1.00071369372,false,6271367,5.03132411163,25.1566216743,1,600,310749,292505,270707,6,7
baseline_expected,always_tau_min_1s,burst_900s_cv2_0.9,900,0.9,0.551137510752,2.75093693623,21560629,0.00169249914084,0.00169106767187,0.168402247,true,157766400,0.2,1,1,1,,,,,
policy,measured_q16_high1_max3600,burst_900s_cv2_0.9,900,0.9,0.551287979779,2.81014482749,21560630,0.00997647280541,0.00992687288173,0.992650688577,true,6225275,5.068576087,25.3428809169,1,600,309048,290897,269236,6,7
baseline_expected,always_tau_min_1s,burst_900s_cv2_0.9,900,0.9,0.551287979779,2.81014482749,21560630,0.00174994739739,0.0017484171322,0.174118300413,true,157766400,0.2,1,1,1,,,,,
policy,measured_q16_high1_max3600,burst_900s_cv2_0.9,900,0.9,0.552829750302,2.79422250532,21560631,0.0101002919138,0.0100494552644,1.00497058616,false,6231947,5.06314960638,25.3157666456,1,600,309177,291086,269052,19,9
baseline_expected,always_tau_min_1s,burst_900s_cv2_0.9,900,0.9,0.552829750302,2.79422250532,21560631,0.0016306020294,0.00162927332021,0.162243536253,true,157766400,0.2,1,1,1,,,,,
policy,measured_q16_high1_max3600,burst_900s_cv2_0.9,900,0.9,0.551076701476,2.78429340499,21560632,0.0100147257788,0.00996474539838,0.996456827395,true,6261590,5.03918014434,25.1959082278,1,600,310511,292281,270445,8,8
baseline_expected,always_tau_min_1s,burst_900s_cv2_0.9,900,0.9,0.551076701476,2.78429340499,21560632,0.00173892197441,0.00173741092559,0.173021280061,true,157766400,0.2,1,1,1,,,,,
policy,measured_q16_high1_max3600,burst_900s_cv2_0.9,900,0.9,0.554027779117,2.76649108665,21560633,0.0101314980037,0.010080347268,1.00807556597,false,6242522,5.0545724949,25.2728716054,1,600,310004,291613,269827,10,9
baseline_expected,always_tau_min_1s,burst_900s_cv2_0.9,900,0.9,0.554027779117,2.76649108665,21560633,0.00179695051639,0.00179533696744,0.178795071387,true,157766400,0.2,1,1,1,,,,,
policy,measured_q16_high1_max3600,burst_900s_cv2_0.9,900,0.9,0.549648192634,2.91811231981,21560634,0.0100424088968,0.0099921522818,0.999211274451,true,6228621,5.0658532603,25.3292725629,1,600,309222,291071,269251,7,8
baseline_expected,always_tau_min_1s,burst_900s_cv2_0.9,900,0.9,0.549648192634,2.91811231981,21560634,0.00168901742832,0.00168759184111,0.168055819521,true,157766400,0.2,1,1,1,,,,,
policy,measured_q16_high1_max3600,burst_900s_cv2_0.9,900,0.9,0.548872763463,2.78866220859,21560635,0.0101496179105,0.0100982843574,1.00987848152,false,6246796,5.05111420319,25.2555735772,1,600,310102,291747,269677,12,11
baseline_expected,always_tau_min_1s,burst_900s_cv2_0.9,900,0.9,0.548872763463,2.78866220859,21560635,0.00169868885198,0.00169724689667,0.169018118075,true,157766400,0.2,1,1,1,,,,,
policy,measured_q16_high1_max3600,burst_900s_cv2_0.9,900,0.9,0.547925040269,2.81207732925,21560636,0.00993519991276,0.00988600885656,0.988544070326,true,6247129,5.05084495614,25.2542287825,1,600,309681,291686,269902,6,7
baseline_expected,always_tau_min_1s,burst_900s_cv2_0.9,900,0.9,0.547925040269,2.81207732925,21560636,0.00165748858718,0.00165611571159,0.164918726234,true,157766400,0.2,1,1,1,,,,,
policy,measured_q16_high1_max3600,burst_900s_cv2_0.9,900,0.9,0.550964674369,2.77157873427,21560637,0.0100021426095,0.00995228753877,0.995204812588,true,6268425,5.03368549516,25.1684359309,1,600,310381,292312,270852,6,7
baseline_expected,always_tau_min_1s,burst_900s_cv2_0.9,900,0.9,0.550964674369,2.77157873427,21560637,0.00185149734584,0.00184978438197,0.184222435233,true,157766400,0.2,1,1,1,,,,,
policy,measured_q16_high1_max3600,burst_900s_cv2_0.9,900,0.9,0.551090611505,2.8095520475,21560638,0.0101964273644,0.0101446200317,1.01453598298,false,6267639,5.0343167499,25.1715848663,1,600,311092,292601,270932,7,8
baseline_expected,always_tau_min_1s,burst_900s_cv2_0.9,900,0.9,0.551090611505,2.8095520475,21560638,0.00175284882449,0.00175131348219,0.174406989979,true,157766400,0.2,1,1,1,,,,,
policy,measured_q16_high1_max3600,burst_900s_cv2_0.9,900,0.9,0.55617489198,2.84859631025,21560639,0.00992261672371,0.00987354998663,0.987292053554,true,6254771,5.04467389773,25.2233771628,1,600,310216,292195,270144,10,9
baseline_expected,always_tau_min_1s,burst_900s_cv2_0.9,900,0.9,0.55617489198,2.84859631025,21560639,0.00174356425777,0.00174204513264,0.173483183367,true,157766400,0.2,1,1,1,,,,,
policy,measured_q16_high1_max3600,burst_900s_cv2_0.9,900,0.9,0.554664146012,2.83660460939,21560640,0.0100549920976,0.0100046096709,1.00046329239,false,6244642,5.05285651283,25.2642873683,1,600,309898,291673,269848,8,9
baseline_expected,always_tau_min_1s,burst_900s_cv2_0.9,900,0.9,0.554664146012,2.83660460939,21560640,0.0016422077378,0.0016408600525,0.163398294518,true,157766400,0.2,1,1,1,,,,,
policy,measured_q16_high1_max3600,burst_900s_cv2_0.9,900,0.9,0.553080828779,2.81920504014,21560641,0.0101898841674,0.0101381431917,1.01388494036,false,6238012,5.05822688382,25.291135381,1,600,309630,291246,269531,10,10
baseline_expected,always_tau_min_1s,burst_900s_cv2_0.9,900,0.9,0.553080828779,2.81920504014,21560641,0.00167141543725,0.00167001940037,0.166304436152,true,157766400,0.2,1,1,1,,,,,
policy,measured_q16_high1_max3600,burst_900s_cv2_0.9,900,0.9,0.552496111616,2.89152088515,21560642,0.00992966329711,0.00988052696076,0.987993181705,true,6260509,5.04005025789,25.2002594358,1,600,310613,292589,270453,8,9
baseline_expected,always_tau_min_1s,burst_900s_cv2_0.9,900,0.9,0.552496111616,2.89152088515,21560642,0.00173698768968,0.00173547999964,0.17282882035,true,157766400,0.2,1,1,1,,,,,
policy,measured_q16_high1_max3600,burst_900s_cv2_0.9,900,0.9,0.54851026772,2.72579132336,21560643,0.0101078415836,0.0100569290359,1.00572177198,false,6260425,5.04011788337,25.2005922921,1,600,310617,292344,270635,7,8
baseline_expected,always_tau_min_1s,burst_900s_cv2_0.9,900,0.9,0.54851026772,2.72579132336,21560643,0.00170236399297,0.00170091579329,0.169383791526,true,157766400,0.2,1,1,1,,,,,
policy,measured_q16_high1_max3600,burst_900s_cv2_0.9,900,0.9,0.549170418405,2.91516685076,21560644,0.0101571677486,0.0101057579269,1.01062968409,false,6259761,5.04065251054,25.2032697414,1,600,310291,291908,270359,6,7
baseline_expected,always_tau_min_1s,burst_900s_cv2_0.9,900,0.9,0.549170418405,2.91516685076,21560644,0.00182461078806,0.00182294719775,0.181547245252,true,157766400,0.2,1,1,1,,,,,
policy,measured_q16_high1_max3600,burst_900s_cv2_0.9,900,0.9,0.551926292376,2.86154210946,21560645,0.0101224381423,0.0100713786926,1.00717411734,false,6253177,5.0459598377,25.2298124617,1,600,310193,291957,270103,8,9
baseline_expected,always_tau_min_1s,burst_900s_cv2_0.9,900,0.9,0.551926292376,2.86154210946,21560645,0.00180739565394,0.001805763298,0.179834353825,true,157766400,0.2,1,1,1,,,,,
policy,measured_q16_high1_max3600,burst_900s_cv2_0.9,900,0.9,0.552152704792,2.82348055055,21560646,0.0099925793821,0.00994281944206,0.994253279468,true,6245453,5.05220037682,25.2610407924,1,600,310078,291955,269965,9,10
baseline_expected,always_tau_min_1s,burst_900s_cv2_0.9,900,0.9,0.552152704792,2.82348055055,21560646,0.00175265539601,0.00175112039245,0.174387744008,true,157766400,0.2,1,1,1,,,,,
policy,measured_q16_high1_max3600,burst_900s_cv2_0.9,900,0.9,0.5538751331,2.74375129901,21560647,0.0102271306163,0.0101750113442,1.01759093083,false,6266708,5.03506466234,25.1753260244,1,1200,310737,292401,270576,13,13
baseline_expected,always_tau_min_1s,burst_900s_cv2_0.9,900,0.9,0.5538751331,2.74375129901,21560647,0.00171435655831,0.0017128878885,0.170577041733,true,157766400,0.2,1,1,1,,,,,
policy,measured_q16_high1_max3600,burst_900s_cv2_0.9,900,0.9,0.553078476535,2.8012128063,21560648,0.0103746057504,0.0103209751538,1.03226458315,false,6254673,5.04475293912,25.2237691723,1,600,310691,292048,270165,12,10
baseline_expected,always_tau_min_1s,burst_900s_cv2_0.9,900,0.9,0.553078476535,2.8012128063,21560648,0.00177702738364,0.00177544940532,0.176812736365,true,157766400,0.2,1,1,1,,,,,
policy,measured_q16_high1_max3600,burst_900s_cv2_0.9,900,0.9,0.54918600146,2.84608849703,21560649,0.00995935965378,0.00990992946521,0.990947944323,true,6236366,5.05956193078,25.2978205577,1,600,309304,291191,269516,7,8
baseline_expected,always_tau_min_1s,burst_900s_cv2_0.9,900,0.9,0.54918600146,2.84608849703,21560649,0.001622671462,0.00162135564247,0.161454451438,true,157766400,0.2,1,1,1,,,,,
policy,measured_q16_high1_max3600,burst_900s_cv2_0.9,900,0.9,0.550872090255,2.84827615095,21560650,0.010090728368,0.0100399877817,1.00401902136,false,6255657,5.04395941146,25.2198042508,1,600,310628,292273,270240,7,8
baseline_expected,always_tau_min_1s,burst_900s_cv2_0.9,900,0.9,0.550872090255,2.84827615095,21560650,0.00176677567456,0.00176521584518,0.175792699897,true,157766400,0.2,1,1,1,,,,,
policy,measured_q16_high1_max3600,burst_900s_cv2_0.95,900,0.95,0.577496779771,2.91654333168,21660621,0.0100499587997,0.00999962671668,0.999962483463,true,6241308,5.05555566237,25.2777794334,1,600,309636,291432,269606,7,8
baseline_expected,always_tau_min_1s,burst_900s_cv2_0.95,900,0.95,0.577496779771,2.91654333168,21660621,0.00169656113878,0.00169512279246,0.168806412393,true,157766400,0.2,1,1,1,,,,,
policy,measured_q16_high1_max3600,burst_900s_cv2_0.95,900,0.95,0.575624762159,2.7984184783,21660622,0.0101531413331,0.0101017721933,1.01022905912,false,6226351,5.0677001666,25.33850533,1,600,309400,291121,269183,16,10
baseline_expected,always_tau_min_1s,burst_900s_cv2_0.95,900,0.95,0.575624762159,2.7984184783,21660622,0.00170023627977,0.00169879169689,0.169172085844,true,157766400,0.2,1,1,1,,,,,
policy,measured_q16_high1_max3600,burst_900s_cv2_0.95,900,0.95,0.577540212644,2.8412213109,21660623,0.0101934074559,0.0101416307544,1.01423550461,false,6208597,5.08219167712,25.4109656336,1,600,309118,290684,268319,12,10
baseline_expected,always_tau_min_1s,burst_900s_cv2_0.95,900,0.95,0.577540212644,2.8412213109,21660623,0.0017079734187,0.00170651566215,0.169941924687,true,157766400,0.2,1,1,1,,,,,
policy,measured_q16_high1_max3600,burst_900s_cv2_0.95,900,0.95,0.573458709015,2.87127066278,21660624,0.0102804832574,0.0102278197128,1.02289947393,false,6222283,5.07101332421,25.3550719246,1,600,309560,291048,269150,7,8
baseline_expected,always_tau_min_1s,burst_900s_cv2_0.95,900,0.95,0.573458709015,2.87127066278,21660624,0.00188515390018,0.00188337811362,0.187571234202,true,157766400,0.2,1,1,1,,,,,
policy,measured_q16_high1_max3600,burst_900s_cv2_0.95,900,0.95,0.577104145092,2.86827556384,21660625,0.0101984407871,0.010146613027,1.01473631685,false,6253877,5.04539504055,25.2269833577,1,600,310802,292461,270289,11,10
baseline_expected,always_tau_min_1s,burst_900s_cv2_0.95,900,0.95,0.577104145092,2.86827556384,21660625,0.00173350597716,0.00173200432351,0.17248239287,true,157766400,0.2,1,1,1,,,,,
policy,measured_q16_high1_max3600,burst_900s_cv2_0.95,900,0.95,0.574380910222,2.97468644575,21660626,0.0102855166283,0.0102328015908,1.02340029013,false,6251726,5.04713098431,25.2356646788,1,600,310236,291812,270154,11,9
baseline_expected,always_tau_min_1s,burst_900s_cv2_0.95,900,0.95,0.574380910222,2.97468644575,21660626,0.00194434301299,0.00194245400261,0.193460501354,true,157766400,0.2,1,1,1,,,,,
policy,measured_q16_high1_max3600,burst_900s_cv2_0.95,900,0.95,0.577158364422,2.82327646851,21660627,0.0102814899667,0.0102288161252,1.02299964067,false,6229250,5.06534173456,25.3267110808,1,600,309684,291215,269269,9,10
baseline_expected,always_tau_min_1s,burst_900s_cv2_0.95,900,0.95,0.577158364422,2.82327646851,21660627,0.00178515137952,0.00178355894451,0.17762106715,true,157766400,0.2,1,1,1,,,,,
policy,measured_q16_high1_max3600,burst_900s_cv2_0.95,900,0.95,0.573952152622,2.79350562243,21660628,0.0104158790412,0.0103618216211,1.03637124102,false,6244864,5.05267688776,25.2633978898,1,600,310053,291516,269908,20,11
baseline_expected,always_tau_min_1s,burst_900s_cv2_0.95,900,0.95,0.573952152622,2.79350562243,21660628,0.00188496047171,0.00188318504943,0.187551988231,true,157766400,0.2,1,1,1,,,,,
policy,measured_q16_high1_max3600,burst_900s_cv2_0.95,900,0.95,0.575715089676,2.83321483292,21660629,0.0103554791843,0.0103020458115,1.03036150585,false,6238026,5.05821553164,25.2910800628,1,600,310047,291355,269678,6,7
baseline_expected,always_tau_min_1s,burst_900s_cv2_0.95,900,0.95,0.575715089676,2.83321483292,21660629,0.0017542028238,0.00175266510931,0.174541711777,true,157766400,0.2,1,1,1,,,,,
policy,measured_q16_high1_max3600,burst_900s_cv2_0.95,900,0.95,0.572354778653,2.80548081349,21660630,0.0100157324431,0.009965742031,0.996556989648,true,6242756,5.05438303211,25.2719540857,1,600,309709,291521,269769,6,7
baseline_expected,always_tau_min_1s,burst_900s_cv2_0.95,900,0.95,0.572354778653,2.80548081349,21660630,0.00177354567112,0.00177197386836,0.176466308885,true,157766400,0.2,1,1,1,,,,,
policy,measured_q16_high1_max3600,burst_900s_cv2_0.95,900,0.95,0.572581313161,2.84680780803,21660631,0.0102628671616,0.0102103836377,1.02114668716,false,6257596,5.04239647302,25.2119884377,1,600,310583,292226,270285,22,10
baseline_expected,always_tau_min_1s,burst_900s_cv2_0.95,900,0.95,0.572581313161,2.84680780803,21660631,0.00165922944344,0.00165785368327,0.165091939974,true,157766400,0.2,1,1,1,,,,,
policy,measured_q16_high1_max3600,burst_900s_cv2_0.95,900,0.95,0.574136834257,2.87518428762,21660632,0.0101350213262,0.0100838350682,1.00842613361,false,6234214,5.06130845043,25.3065780225,1,600,309852,291526,269290,7,8
baseline_expected,always_tau_min_1s,burst_900s_cv2_0.95,900,0.95,0.574136834257,2.87518428762,21660632,0.00167992629008,0.00167851600374,0.16715125888,true,157766400,0.2,1,1,1,,,,,
policy,measured_q16_high1_max3600,burst_900s_cv2_0.95,900,0.95,0.575015291988,2.89205052804,21660633,0.0101662277319,0.0101147263115,1.01153114484,false,6258349,5.04178977555,25.2089520735,1,600,310761,292413,270372,12,9
baseline_expected,always_tau_min_1s,burst_900s_cv2_0.95,900,0.95,0.575015291988,2.89205052804,21660633,0.00170681284786,0.00170535707117,0.169826448861,true,157766400,0.2,1,1,1,,,,,
policy,measured_q16_high1_max3600,burst_900s_cv2_0.95,900,0.95,0.57345658756,2.85763728387,21660634,0.0104385284663,0.0103842361031,1.03862483985,false,6241319,5.05554675222,25.2777347224,1,600,310184,291511,269797,10,11
baseline_expected,always_tau_min_1s,burst_900s_cv2_0.95,900,0.95,0.57345658756,2.85763728387,21660634,0.00192867530666,0.00192681660758,0.191901577696,true,157766400,0.2,1,1,1,,,,,
policy,measured_q16_high1_max3600,burst_900s_cv2_0.95,900,0.95,0.572563975762,2.83058694222,21660635,0.0101868641426,0.0101351537798,1.01358445042,false,6250077,5.04846260294,25.2423155747,1,600,310336,291917,270335,8,8
baseline_expected,always_tau_min_1s,burst_900s_cv2_0.95,900,0.95,0.572563975762,2.83058694222,21660635,0.00186213591187,0.00186040321246,0.185280963643,true,157766400,0.2,1,1,1,,,,,
policy,measured_q16_high1_max3600,burst_900s_cv2_0.95,900,0.95,0.57621134304,2.87444834621,21660636,0.0102528002428,0.0102004194558,1.02014503717,false,6247102,5.05086678591,25.2543374512,1,600,310283,291780,269805,13,9
baseline_expected,always_tau_min_1s,burst_900s_cv2_0.95,900,0.95,0.57621134304,2.87444834621,21660636,0.00174298397235,0.00174146585793,0.173425445454,true,157766400,0.2,1,1,1,,,,,
policy,measured_q16_high1_max3600,burst_900s_cv2_0.95,900,0.95,0.575751021722,2.8362731189,21660637,0.0100328456774,0.00998268457426,0.998259742128,true,6234122,5.06138314265,25.3069158736,1,600,308996,290883,269272,9,9
baseline_expected,always_tau_min_1s,burst_900s_cv2_0.95,900,0.95,0.575751021722,2.8362731189,21660637,0.00177025738708,0.00176869140567,0.176139127377,true,157766400,0.2,1,1,1,,,,,
policy,measured_q16_high1_max3600,burst_900s_cv2_0.95,900,0.95,0.580401488841,2.87591902239,21660638,0.0101516311705,0.010100277285,1.01007879921,false,6241619,5.05530376013,25.2765215243,1,600,309903,291613,269584,7,8
baseline_expected,always_tau_min_1s,burst_900s_cv2_0.95,900,0.95,0.580401488841,2.87591902239,21660638,0.0017180316993,0.00171655672765,0.170942715184,true,157766400,0.2,1,1,1,,,,,
policy,measured_q16_high1_max3600,burst_900s_cv2_0.95,900,0.95,0.576582236146,2.86701615262,21660639,0.0102452502285,0.0101929464266,1.01939381706,false,6238463,5.05786120716,25.2893063564,1,600,310543,291985,269821,6,7
baseline_expected,always_tau_min_1s,burst_900s_cv2_0.95,900,0.95,0.576582236146,2.86701615262,21660639,0.00176754938845,0.001765988193,0.175869683782,true,157766400,0.2,1,1,1,,,,,
policy,measured_q16_high1_max3600,burst_900s_cv2_0.95,900,0.95,0.578713815387,2.87061039759,21660640,0.0102850134578,0.010232303569,1.02335022508,false,6239313,5.05717215982,25.2858750635,1,600,309764,291432,269796,16,11
baseline_expected,always_tau_min_1s,burst_900s_cv2_0.95,900,0.95,0.578713815387,2.87061039759,21660640,0.00175014082586,0.00174861022246,0.174137546384,true,157766400,0.2,1,1,1,,,,,
policy,measured_q16_high1_max3600,burst_900s_cv2_0.95,900,0.95,0.578233392189,2.78716268308,21660641,0.010047442166,0.00999713524518,0.999712080512,true,6221146,5.07194012164,25.3597046268,1,600,308795,290601,268812,8,9
baseline_expected,always_tau_min_1s,burst_900s_cv2_0.95,900,0.95,0.578233392189,2.78716268308,21660641,0.00166116372817,0.00165978475938,0.165284399684,true,157766400,0.2,1,1,1,,,,,
policy,measured_q16_high1_max3600,burst_900s_cv2_0.95,900,0.95,0.57675478509,2.94526781317,21660642,0.0100892184713,0.0100384930432,1.0038687879,false,6253992,5.04530226454,25.2265215562,1,600,310114,291920,270103,9,10
baseline_expected,always_tau_min_1s,burst_900s_cv2_0.95,900,0.95,0.57675478509,2.94526781317,21660642,0.00172789655144,0.00172640459763,0.171924259709,true,157766400,0.2,1,1,1,,,,,
policy,measured_q16_high1_max3600,burst_900s_cv2_0.95,900,0.95,0.574837975091,2.87483166584,21660643,0.0101868641359,0.0101351537732,1.01358444976,false,6257849,5.04219261283,25.2109699355,1,600,310863,292443,270556,6,7
baseline_expected,always_tau_min_1s,burst_900s_cv2_0.95,900,0.95,0.574837975091,2.87483166584,21660643,0.00179095423372,0.00178935143217,0.178198446283,true,157766400,0.2,1,1,1,,,,,
policy,measured_q16_high1_max3600,burst_900s_cv2_0.95,900,0.95,0.575310232959,2.86055805429,21660644,0.0102960864262,0.0102432631747,1.02445197616,false,6253160,5.04597355577,25.2298708173,1,600,310655,292080,270249,7,8
baseline_expected,always_tau_min_1s,burst_900s_cv2_0.95,900,0.95,0.575310232959,2.86055805429,21660644,0.00183118735615,0.00182951175552,0.182201608269,true,157766400,0.2,1,1,1,,,,,
policy,measured_q16_high1_max3600,burst_900s_cv2_0.95,900,0.95,0.578212334483,2.80395823344,21660645,0.0101692480877,0.0101177161127,1.01183166771,false,6244086,5.05330644069,25.2665382892,1,600,309986,291728,269759,23,9
baseline_expected,always_tau_min_1s,burst_900s_cv2_0.95,900,0.95,0.578212334483,2.80395823344,21660645,0.00172190026877,0.00172041864902,0.171327634605,true,157766400,0.2,1,1,1,,,,,
policy,measured_q16_high1_max3600,burst_900s_cv2_0.95,900,0.95,0.575786368917,2.87264730116,21660646,0.0107505946838,0.0106930135692,1.06967516713,false,6248528,5.04971410867,25.2485809458,1,600,310349,291769,270142,39,12
baseline_expected,always_tau_min_1s,burst_900s_cv2_0.95,900,0.95,0.575786368917,2.87264730116,21660646,0.00177973538227,0.00177815259237,0.17708217996,true,157766400,0.2,1,1,1,,,,,
policy,measured_q16_high1_max3600,burst_900s_cv2_0.95,900,0.95,0.572589669355,2.83524737349,21660647,0.0102417269283,0.0101894590331,1.01904325165,false,6225064,5.06874788757,25.3437399198,1,600,309365,290819,268956,7,8
baseline_expected,always_tau_min_1s,burst_900s_cv2_0.95,900,0.95,0.572589669355,2.83524737349,21660647,0.00177567338433,0.00177409780905,0.176678014567,true,157766400,0.2,1,1,1,,,,,
policy,measured_q16_high1_max3600,burst_900s_cv2_0.95,900,0.95,0.57526165771,2.77571539486,21660648,0.0102341771324,0.0101819861373,1.01829205328,false,6257109,5.04278893016,25.2139473677,1,600,310690,292298,270712,12,11
baseline_expected,always_tau_min_1s,burst_900s_cv2_0.95,900,0.95,0.57526165771,2.77571539486,21660648,0.00182693192974,0.00182526410542,0.181778196905,true,157766400,0.2,1,1,1,,,,,
policy,measured_q16_high1_max3600,burst_900s_cv2_0.95,900,0.95,0.578625805457,2.85036007309,21660649,0.0101224380884,0.0100713786392,1.00717411198,false,6252333,5.04664098985,25.2332052691,1,600,310375,292024,270052,8,8
baseline_expected,always_tau_min_1s,burst_900s_cv2_0.95,900,0.95,0.578625805457,2.85036007309,21660649,0.00168611600122,0.00168469530623,0.167767129954,true,157766400,0.2,1,1,1,,,,,
policy,measured_q16_high1_max3600,burst_900s_cv2_0.95,900,0.95,0.572590086014,2.88948693591,21660650,0.0102603502732,0.0102078924445,1.02089625886,false,6255152,5.0443666277,25.2218419313,1,600,310492,292091,270386,13,11
baseline_expected,always_tau_min_1s,burst_900s_cv2_0.95,900,0.95,0.572590086014,2.88948693591,21660650,0.00173002426465,0.00172852863528,0.172135965391,true,157766400,0.2,1,1,1,,,,,
policy,measured_q16_high1_max3600,burst_900s_cv2_1,900,1,0.603436030352,2.87566410632,21760621,0.0103680624118,0.0103144993277,1.03161352644,false,6226843,5.06729975366,25.3365034256,1,600,309628,290971,269231,8,8
baseline_expected,always_tau_min_1s,burst_900s_cv2_1,900,1,0.603436030352,2.87566410632,21760621,0.00184936963263,0.00184766060232,0.184010729551,true,157766400,0.2,1,1,1,,,,,
policy,measured_q16_high1_max3600,burst_900s_cv2_1,900,1,0.602084117406,2.89277169285,21760622,0.0104516149867,0.0103971866452,1.03992693767,false,6232430,5.06275722311,25.3137938172,1,600,310222,291511,269494,8,8
baseline_expected,always_tau_min_1s,burst_900s_cv2_1,900,1,0.602084117406,2.89277169285,21760622,0.0019327373046,0.00193087077056,0.192305743089,true,157766400,0.2,1,1,1,,,,,
policy,measured_q16_high1_max3600,burst_900s_cv2_1,900,1,0.598794682586,2.83472648069,21760623,0.0104078253637,0.0103538513623,1.03556990686,false,6217972,5.074529123,25.3726536562,1,600,309665,290899,268983,8,9
baseline_expected,always_tau_min_1s,burst_900s_cv2_1,900,1,0.598794682586,2.83472648069,21760623,0.00182248307485,0.00182082336099,0.18133553957,true,157766400,0.2,1,1,1,,,,,
policy,measured_q16_high1_max3600,burst_900s_cv2_1,900,1,0.601452849795,2.90479008843,21760624,0.0103313194236,0.0102781346569,1.02795762989,false,6225793,5.06815437005,25.3407739384,1,600,309832,291180,269216,7,8
baseline_expected,always_tau_min_1s,burst_900s_cv2_1,900,1,0.601452849795,2.90479008843,21760624,0.00162615317452,0.00162483170384,0.161800878918,true,157766400,0.2,1,1,1,,,,,
policy,measured_q16_high1_max3600,burst_900s_cv2_1,900,1,0.602072952971,2.859302714,21760625,0.0104969145149,0.0104420141703,1.04443420278,false,6218702,5.07393343498,25.3696734463,1,600,309566,290710,268731,8,9
baseline_expected,always_tau_min_1s,burst_900s_cv2_1,900,1,0.602072952971,2.859302714,21760625,0.00176832310235,0.00176676054022,0.175946667666,true,157766400,0.2,1,1,1,,,,,
policy,measured_q16_high1_max3600,burst_900s_cv2_1,900,1,0.598030926507,2.95211363895,21760626,0.0104113486685,0.0103573381811,1.03592047273,false,6233450,5.06192878743,25.3096593379,1,600,309981,291267,269372,8,9
baseline_expected,always_tau_min_1s,burst_900s_cv2_1,900,1,0.598030926507,2.95211363895,21760626,0.00178341052326,0.00178182119166,0.177447853411,true,157766400,0.2,1,1,1,,,,,
policy,measured_q16_high1_max3600,burst_900s_cv2_1,900,1,0.600832680744,2.84343857148,21760627,0.0104853379754,0.010430558447,1.0432823468,false,6203415,5.08643706733,25.4321863038,1,600,308720,289893,268219,10,9
baseline_expected,always_tau_min_1s,burst_900s_cv2_1,900,1,0.600832680744,2.84343857148,21760627,0.00188728161339,0.00188550181728,0.187782939884,true,157766400,0.2,1,1,1,,,,,
policy,measured_q16_high1_max3600,burst_900s_cv2_1,900,1,0.601210856339,2.9302198421,21760628,0.0103358493789,0.0102826180426,1.02840835666,false,6236454,5.05949053741,25.2974557337,1,600,310246,291601,269429,8,9
baseline_expected,always_tau_min_1s,burst_900s_cv2_1,900,1,0.601210856339,2.9302198421,21760628,0.0017513013967,0.00174976876324,0.17425302221,true,157766400,0.2,1,1,1,,,,,
policy,measured_q16_high1_max3600,burst_900s_cv2_1,900,1,0.599193079962,2.81990391874,21760629,0.0102442436287,0.0101919500866,1.01929366123,false,6235486,5.06027597528,25.3013837253,1,600,309775,291298,269568,9,10
baseline_expected,always_tau_min_1s,burst_900s_cv2_1,900,1,0.599193079962,2.81990391874,21760629,0.00175149482518,0.00174996185324,0.174272268181,true,157766400,0.2,1,1,1,,,,,
policy,measured_q16_high1_max3600,burst_900s_cv2_1,900,1,0.597737695474,2.85868104958,21760630,0.0101913941609,0.0101396378756,1.01403518345,false,6240281,5.05638768511,25.2819390665,1,600,309910,291482,269732,14,8
baseline_expected,always_tau_min_1s,burst_900s_cv2_1,900,1,0.597737695474,2.85868104958,21760630,0.00169849542351,0.00169705379647,0.168998872104,true,157766400,0.2,1,1,1,,,,,
policy,measured_q16_high1_max3600,burst_900s_cv2_1,900,1,0.600368519985,2.83556167473,21760631,0.0106318068244,0.0105754889299,1.05785587461,false,6225237,5.06860702653,25.3430368996,1,600,309576,290669,268941,14,12
baseline_expected,always_tau_min_1s,burst_900s_cv2_1,900,1,0.600368519985,2.83556167473,21760631,0.00189192389675,0.00189013533685,0.18824484319,true,157766400,0.2,1,1,1,,,,,
policy,measured_q16_high1_max3600,burst_900s_cv2_1,900,1,0.599113803535,2.8439937271,21760632,0.0103982621862,0.0103443871552,1.03461837871,false,6230788,5.06409141187,25.3204638001,1,600,309905,291241,269450,11,11
baseline_expected,always_tau_min_1s,burst_900s_cv2_1,900,1,0.599113803535,2.8439937271,21760632,0.00180004537196,0.00179842626192,0.179103006924,true,157766400,0.2,1,1,1,,,,,
policy,measured_q16_high1_max3600,burst_900s_cv2_1,900,1,0.598699590283,2.90998410812,21760633,0.0102160572039,0.0101640505432,1.01648913557,false,6204696,5.08538693918,25.4269382416,1,600,308742,290271,268256,8,9
baseline_expected,always_tau_min_1s,burst_900s_cv2_1,900,1,0.598699590283,2.90998410812,21760633,0.00173640740426,0.00173490072112,0.172771082437,true,157766400,0.2,1,1,1,,,,,
policy,measured_q16_high1_max3600,burst_900s_cv2_1,900,1,0.599834659697,2.98950848907,21760634,0.0106796229685,0.0106227982638,1.06261354089,false,6209014,5.08185035498,25.409254835,1,600,309293,290327,268376,17,10
baseline_expected,always_tau_min_1s,burst_900s_cv2_1,900,1,0.599834659697,2.98950848907,21760634,0.00189888732178,0.00189708557587,0.188937698149,true,157766400,0.2,1,1,1,,,,,
policy,measured_q16_high1_max3600,burst_900s_cv2_1,900,1,0.601817153051,2.88654666333,21760635,0.010305146347,0.0102522302518,1.0253534307,false,6216090,5.07606550098,25.3803297571,1,600,309461,290812,268562,10,9
baseline_expected,always_tau_min_1s,burst_900s_cv2_1,900,1,0.601817153051,2.88654666333,21760635,0.00163389031345,0.00163255624134,0.162570717761,true,157766400,0.2,1,1,1,,,,,
policy,measured_q16_high1_max3600,burst_900s_cv2_1,900,1,0.599430487918,2.86759912402,21760636,0.0105190612164,0.0104639293731,1.04663778104,false,6241649,5.05527946221,25.2763992336,1,600,310706,291923,269913,18,10
baseline_expected,always_tau_min_1s,burst_900s_cv2_1,900,1,0.599430487918,2.86759912402,21760636,0.00176677567456,0.00176521584518,0.175792699897,true,157766400,0.2,1,1,1,,,,,
policy,measured_q16_high1_max3600,burst_900s_cv2_1,900,1,0.599516295335,2.95068105756,21760637,0.0106937163798,0.0106367418654,1.06401582352,false,6223654,5.0698962378,25.3494818317,1,600,309760,290853,268954,16,11
baseline_expected,always_tau_min_1s,burst_900s_cv2_1,900,1,0.599516295335,2.95068105756,21760637,0.00167934600466,0.00167793669217,0.167093520966,true,157766400,0.2,1,1,1,,,,,
policy,measured_q16_high1_max3600,burst_900s_cv2_1,900,1,0.599885195878,2.86654795562,21760638,0.0102361902993,0.0101839788042,1.0184923617,false,6231695,5.06335435223,25.3167743287,1,600,309688,291122,269303,6,7
baseline_expected,always_tau_min_1s,burst_900s_cv2_1,900,1,0.599885195878,2.86654795562,21760638,0.00164491573642,0.00164356360401,0.163667738113,true,157766400,0.2,1,1,1,,,,,
policy,measured_q16_high1_max3600,burst_900s_cv2_1,900,1,0.601749726422,2.90874459662,21760639,0.0104214152376,0.0103673004372,1.03692208793,false,6217373,5.07501801806,25.3750966847,1,600,309569,290836,268834,7,8
baseline_expected,always_tau_min_1s,burst_900s_cv2_1,900,1,0.601749726422,2.90874459662,21760639,0.00183389535477,0.00183221479617,0.182471051864,true,157766400,0.2,1,1,1,,,,,
policy,measured_q16_high1_max3600,burst_900s_cv2_1,900,1,0.599730501824,2.79253790279,21760640,0.0106539541095,0.010597401754,1.06005951092,false,6217839,5.07463766752,25.3732037771,1,600,309559,290800,268846,27,10
baseline_expected,always_tau_min_1s,burst_900s_cv2_1,900,1,0.599730501824,2.79253790279,21760640,0.00172228712572,0.00172080484034,0.171366126548,true,157766400,0.2,1,1,1,,,,,
policy,measured_q16_high1_max3600,burst_900s_cv2_1,900,1,0.599550568265,2.92533057072,21760641,0.0106836499928,0.0106267825018,1.06301422644,false,6232092,5.06303180377,25.3151651163,1,600,310400,291451,269463,25,11
baseline_expected,always_tau_min_1s,burst_900s_cv2_1,900,1,0.599550568265,2.92533057072,21760641,0.00180275337058,0.00180112938675,0.179372450519,true,157766400,0.2,1,1,1,,,,,
policy,measured_q16_high1_max3600,burst_900s_cv2_1,900,1,0.599219357139,2.96466267809,21760642,0.0103771223228,0.0103234657496,1.03251498,false,6208187,5.08252731434,25.4126407597,1,600,309184,290477,268574,7,8
baseline_expected,always_tau_min_1s,burst_900s_cv2_1,900,1,0.599219357139,2.96466267809,21760642,0.00180642851157,0.0018047979016,0.17973812397,true,157766400,0.2,1,1,1,,,,,
policy,measured_q16_high1_max3600,burst_900s_cv2_1,900,1,0.598643274032,2.87116824636,21760643,0.0103529625954,0.0102995551455,1.03011110736,false,6219589,5.07320982142,25.3660528051,1,600,309443,290815,268819,11,9
baseline_expected,always_tau_min_1s,burst_900s_cv2_1,900,1,0.598643274032,2.87116824636,21760643,0.00177915509685,0.00177757333862,0.177024442047,true,157766400,0.2,1,1,1,,,,,
policy,measured_q16_high1_max3600,burst_900s_cv2_1,900,1,0.598456002019,2.86072498576,21760644,0.0103831622578,0.0103294433135,1.03311594847,false,6248749,5.04953551503,25.2476810958,1,600,310806,292034,270202,8,8
baseline_expected,always_tau_min_1s,burst_900s_cv2_1,900,1,0.598456002019,2.86072498576,21760644,0.00169404656862,0.00169261248165,0.168556214769,true,157766400,0.2,1,1,1,,,,,
policy,measured_q16_high1_max3600,burst_900s_cv2_1,900,1,0.597713531685,2.84043726203,21760645,0.0103866855942,0.0103329302497,1.0334665175,false,6238681,5.05768446888,25.2884268325,1,600,310699,291959,269844,12,10
baseline_expected,always_tau_min_1s,burst_900s_cv2_1,900,1,0.597713531685,2.84043726203,21760645,0.00172770312297,0.00172621150308,0.171905013738,true,157766400,0.2,1,1,1,,,,,
policy,measured_q16_high1_max3600,burst_900s_cv2_1,900,1,0.60024181202,2.86645538382,21760646,0.0103630290739,0.0103095178936,1.03111271354,false,6235801,5.06002035665,25.3001122069,1,600,310511,291729,269516,6,7
baseline_expected,always_tau_min_1s,burst_900s_cv2_1,900,1,0.60024181202,2.86645538382,21760646,0.00173911540289,0.00173760401798,0.173040526032,true,157766400,0.2,1,1,1,,,,,
policy,measured_q16_high1_max3600,burst_900s_cv2_1,900,1,0.599008825934,2.8499684228,21760647,0.0103534658952,0.0103000532614,1.03016118527,false,6228290,5.06612248306,25.3306206037,1,600,309811,291123,269336,8,9
baseline_expected,always_tau_min_1s,burst_900s_cv2_1,900,1,0.599008825934,2.8499684228,21760647,0.00185555934378,0.00185383885786,0.184626600626,true,157766400,0.2,1,1,1,,,,,
policy,measured_q16_high1_max3600,burst_900s_cv2_1,900,1,0.599171567623,2.90827804184,21760648,0.0107908583878,0.010732845931,1.07368137195,false,6237872,5.0583404084,25.2917058894,1,600,310873,291594,269821,12,9
baseline_expected,always_tau_min_1s,burst_900s_cv2_1,900,1,0.599171567623,2.90827804184,21760648,0.00187025990774,0.00186851206149,0.186089294428,true,157766400,0.2,1,1,1,,,,,
policy,measured_q16_high1_max3600,burst_900s_cv2_1,900,1,0.599865440581,2.85642880277,21760649,0.0108693792491,0.0108105209904,1.08149413189,false,6256040,5.04365061604,25.2182549984,1,600,311013,292350,270366,27,17
baseline_expected,always_tau_min_1s,burst_900s_cv2_1,900,1,0.599865440581,2.85642880277,21760649,0.00175265539601,0.00175112039245,0.174387744008,true,157766400,0.2,1,1,1,,,,,
policy,measured_q16_high1_max3600,burst_900s_cv2_1,900,1,0.603635408791,2.93931598203,21760650,0.0103982621694,0.0103443871386,1.03461837703,false,6225485,5.06840511221,25.3420279705,1,600,310100,291368,269312,11,11
baseline_expected,always_tau_min_1s,burst_900s_cv2_1,900,1,0.603635408791,2.93931598203,21760650,0.00183544278256,0.00183375938754,0.182625019633,true,157766400,0.2,1,1,1,,,,,
policy,measured_q16_high1_max3600,burst_1800s_cv2_1,1800,1,0.33448572549,0.999972459719,21860621,0.00888727006369,0.00884789501101,0.884275928012,true,6300921,5.00772506115,25.0386264167,1,600,309110,292777,271725,8,9
baseline_expected,always_tau_min_1s,burst_1800s_cv2_1,1800,1,0.33448572549,0.999972459719,21860621,0.00143562612838,0.00143459611015,0.142843597398,true,157766400,0.2,1,1,1,,,,,
policy,measured_q16_high1_max3600,burst_1800s_cv2_1,1800,1,0.334579116849,0.9999724992,21860622,0.00875338468163,0.00871518534901,0.87095444463,true,6304358,5.00499495746,25.0249820838,1,600,309521,293416,271818,7,8
baseline_expected,always_tau_min_1s,burst_1800s_cv2_1,1800,1,0.334579116849,0.9999724992,21860622,0.00143137070197,0.00143034677952,0.142420186035,true,157766400,0.2,1,1,1,,,,,
policy,measured_q16_high1_max3600,burst_1800s_cv2_1,1800,1,0.333515757945,0.999950623859,21860623,0.0090830647902,0.00904193836938,0.903757339316,true,6290260,5.01621236642,25.0810666014,1,600,309219,292518,271583,6,7
baseline_expected,always_tau_min_1s,burst_1800s_cv2_1,1800,1,0.333515757945,0.999950623859,21860623,0.00155168321232,0.00155047997435,0.15439118005,true,157766400,0.2,1,1,1,,,,,
policy,measured_q16_high1_max3600,burst_1800s_cv2_1,1800,1,0.332762187451,0.999944621566,21860624,0.00879063096865,0.00875210634014,0.874660418993,true,6324514,4.98904421747,24.9452214036,1,600,309826,293653,272752,7,8
baseline_expected,always_tau_min_1s,burst_1800s_cv2_1,1800,1,0.332762187451,0.999944621566,21860624,0.00147353810913,0.00147245298491,0.146615807731,true,157766400,0.2,1,1,1,,,,,
policy,measured_q16_high1_max3600,burst_1800s_cv2_1,1800,1,0.333629768632,0.999985931608,21860625,0.00898843908744,0.00894816382973,0.894342161144,true,6308902,5.00139009926,25.0069541419,1,600,309773,293294,272016,9,9
baseline_expected,always_tau_min_1s,burst_1800s_cv2_1,1800,1,0.333629768632,0.999985931608,21860625,0.00152963236637,0.00152846307505,0.152197139346,true,157766400,0.2,1,1,1,,,,,
policy,measured_q16_high1_max3600,burst_1800s_cv2_1,1800,1,0.334170339285,0.999981106739,21860626,0.00888022347429,0.00884091074449,0.883574798269,true,6316182,4.99562552187,24.9781336257,1,600,309970,293709,272613,8,9
baseline_expected,always_tau_min_1s,burst_1800s_cv2_1,1800,1,0.334170339285,0.999981106739,21860626,0.00149404152729,0.00149292600287,0.148655880666,true,157766400,0.2,1,1,1,,,,,
policy,measured_q16_high1_max3600,burst_1800s_cv2_1,1800,1,0.334460094678,0.999913211553,21860627,0.00904078523247,0.00900004021509,0.899550558733,true,6312128,4.99883399069,24.994177241,1,600,309713,293123,272370,8,8
baseline_expected,always_tau_min_1s,burst_1800s_cv2_1,1800,1,0.334460094678,0.999913211553,21860627,0.00155207006927,0.00155086623141,0.154429671992,true,157766400,0.2,1,1,1,,,,,
policy,measured_q16_high1_max3600,burst_1800s_cv2_1,1800,1,0.334468714004,0.999916884836,21860628,0.00895068940481,0.00891075123129,0.890586099339,true,6301564,5.00721408209,25.0360723147,1,600,309982,293487,272004,7,7
baseline_expected,always_tau_min_1s,burst_1800s_cv2_1,1800,1,0.334468714004,0.999916884836,21860628,0.00156135463598,0.00156013635597,0.155353478604,true,157766400,0.2,1,1,1,,,,,
policy,measured_q16_high1_max3600,burst_1800s_cv2_1,1800,1,0.333999646805,0.999975009925,21860629,0.00889884656793,0.00885936902114,0.885427780488,true,6298001,5.01004683867,25.0502356224,1,600,309303,292896,271750,6,7
baseline_expected,always_tau_min_1s,burst_1800s_cv2_1,1800,1,0.333999646805,0.999975009925,21860629,0.00155323064011,0.00155202500169,0.154545147819,true,157766400,0.2,1,1,1,,,,,
policy,measured_q16_high1_max3600,burst_1800s_cv2_1,1800,1,0.331588797448,0.999938866902,21860630,0.00905991174465,0.00901899440663,0.901453630676,true,6310711,4.99995642329,24.9997848103,1,600,310368,293767,272233,10,10
baseline_expected,always_tau_min_1s,burst_1800s_cv2_1,1800,1,0.331588797448,0.999938866902,21860630,0.00153466150667,0.00153348451588,0.152697534594,true,157766400,0.2,1,1,1,,,,,
policy,measured_q16_high1_max3600,burst_1800s_cv2_1,1800,1,0.333116871351,0.999884278016,21860631,0.0087961676059,0.00875759450497,0.875211309763,true,6306346,5.00341719278,25.0170878667,1,600,309452,293300,271957,7,8
baseline_expected,always_tau_min_1s,burst_1800s_cv2_1,1800,1,0.333116871351,0.999884278016,21860631,0.00143485241448,0.00143382350593,0.142766613514,true,157766400,0.2,1,1,1,,,,,
policy,measured_q16_high1_max3600,burst_1800s_cv2_1,1800,1,0.331368817124,0.999897849601,21860632,0.00882687063272,0.00878802817992,0.878266235217,true,6310061,5.00047146929,25.0023652703,1,600,310120,293895,272514,6,7
baseline_expected,always_tau_min_1s,burst_1800s_cv2_1,1800,1,0.331368817124,0.999897849601,21860632,0.0015265375108,0.00152537294507,0.151889203809,true,157766400,0.2,1,1,1,,,,,
policy,measured_q16_high1_max3600,burst_1800s_cv2_1,1800,1,0.33148225228,0.999890517427,21860633,0.00885958694516,0.00882045645001,0.881521480904,true,6322184,4.99088289743,24.954418916,1,600,310380,294027,272730,5,6
baseline_expected,always_tau_min_1s,burst_1800s_cv2_1,1800,1,0.33148225228,0.999890517427,21860633,0.00146464039936,0.00146356833707,0.145730493061,true,157766400,0.2,1,1,1,,,,,
policy,measured_q16_high1_max3600,burst_1800s_cv2_1,1800,1,0.332129243832,0.999929819964,21860634,0.00884499044142,0.00880598858851,0.880069141007,true,6318536,4.99376437833,24.9688277474,1,600,310106,293819,272789,6,7
baseline_expected,always_tau_min_1s,burst_1800s_cv2_1,1800,1,0.332129243832,0.999929819964,21860634,0.00147934096333,0.00147824727786,0.147193186864,true,157766400,0.2,1,1,1,,,,,
policy,measured_q16_high1_max3600,burst_1800s_cv2_1,1800,1,0.333157835684,0.999846194636,21860635,0.00908004498592,0.00903894586547,0.90345687132,true,6305585,5.00402103849,25.020106144,1,600,309572,293084,272098,12,10
baseline_expected,always_tau_min_1s,burst_1800s_cv2_1,1800,1,0.333157835684,0.999846194636,21860635,0.00158417919582,0.00158292504631,0.157624503192,true,157766400,0.2,1,1,1,,,,,
policy,measured_q16_high1_max3600,burst_1800s_cv2_1,1800,1,0.33420921612,0.999991507927,21860636,0.00886512364082,0.0088259442943,0.882072377485,true,6321867,4.99113315734,24.9556714812,1,600,310602,294347,272715,10,10
baseline_expected,always_tau_min_1s,burst_1800s_cv2_1,1800,1,0.33420921612,0.999991507927,21860636,0.00145187412013,0.00145082066079,0.14446025897,true,157766400,0.2,1,1,1,,,,,
policy,measured_q16_high1_max3600,burst_1800s_cv2_1,1800,1,0.332989997419,0.999981211538,21860637,0.00918121388939,0.00913919523755,0.913523092484,true,6285572,5.0199536335,25.0997870997,1,1200,309431,292619,271418,9,9
baseline_expected,always_tau_min_1s,burst_1800s_cv2_1,1800,1,0.332989997419,0.999981211538,21860637,0.00157798948468,0.00157674511389,0.157008632118,true,157766400,0.2,1,1,1,,,,,
policy,measured_q16_high1_max3600,burst_1800s_cv2_1,1800,1,0.334049424558,0.999995760534,21860638,0.00888928348905,0.00884989061978,0.884476262149,true,6296082,5.01157386451,25.0578847289,1,600,309388,293146,271604,13,11
baseline_expected,always_tau_min_1s,burst_1800s_cv2_1,1800,1,0.334049424558,0.999995760534,21860638,0.00144723183677,0.00144618510179,0.143998355664,true,157766400,0.2,1,1,1,,,,,
policy,measured_q16_high1_max3600,burst_1800s_cv2_1,1800,1,0.331710871043,0.999966840936,21860639,0.0088354272036,0.00879650951913,0.879117606853,true,6319723,4.99282642609,24.9641458969,1,600,310461,294208,272348,7,7
baseline_expected,always_tau_min_1s,burst_1800s_cv2_1,1800,1,0.331710871043,0.999966840936,21860639,0.00142131242136,0.00142030283523,0.141419395538,true,157766400,0.2,1,1,1,,,,,
policy,measured_q16_high1_max3600,burst_1800s_cv2_1,1800,1,0.333188703287,0.999965856584,21860640,0.00893105961117,0.0088912961629,0.888632951311,true,6294818,5.01258018897,25.0629030101,1,600,309222,292813,271674,6,7
baseline_expected,always_tau_min_1s,burst_1800s_cv2_1,1800,1,0.333188703287,0.999965856584,21860640,0.00150526037874,0.00150412804256,0.149772146989,true,157766400,0.2,1,1,1,,,,,
policy,measured_q16_high1_max3600,burst_1800s_cv2_1,1800,1,0.334219763197,0.999905012652,21860641,0.00872821823712,0.00869023792081,0.868450404479,true,6309353,5.00103259399,25.0051661399,1,600,309657,293543,272334,6,7
baseline_expected,always_tau_min_1s,burst_1800s_cv2_1,1800,1,0.334219763197,0.999905012652,21860641,0.00146928268272,0.00146820381537,0.146192396367,true,157766400,0.2,1,1,1,,,,,
policy,measured_q16_high1_max3600,burst_1800s_cv2_1,1800,1,0.334522687399,0.999987865347,21860642,0.00895018617615,0.00891025248665,0.890536028508,true,6305205,5.00432261917,25.0216156334,1,600,309658,293267,271957,11,9
baseline_expected,always_tau_min_1s,burst_1800s_cv2_1,1800,1,0.334522687399,0.999987865347,21860642,0.0015040998079,0.0015029692167,0.149656671163,true,157766400,0.2,1,1,1,,,,,
policy,measured_q16_high1_max3600,burst_1800s_cv2_1,1800,1,0.335473794709,0.999946857852,21860643,0.00892099304841,0.00888131905472,0.887631336748,true,6295430,5.01209289913,25.0604651311,1,600,309056,292701,271523,6,7
baseline_expected,always_tau_min_1s,burst_1800s_cv2_1,1800,1,0.335473794709,0.999946857852,21860643,0.00148591753142,0.00148481410257,0.147847549881,true,157766400,0.2,1,1,1,,,,,
policy,measured_q16_high1_max3600,burst_1800s_cv2_1,1800,1,0.33101951554,0.999862735406,21860644,0.00886764027137,0.00882843871008,0.882322780117,true,6331631,4.98343633734,24.9171829502,1,600,310647,294395,272974,9,8
baseline_expected,always_tau_min_1s,burst_1800s_cv2_1,1800,1,0.33101951554,0.999862735406,21860644,0.00154549350118,0.00154429984111,0.153775308975,true,157766400,0.2,1,1,1,,,,,
policy,measured_q16_high1_max3600,burst_1800s_cv2_1,1800,1,0.329748941933,0.999978888387,21860645,0.00879415424,0.0087555987693,0.875010981542,true,6304731,5.00469885234,25.0234971167,1,600,309853,293560,271821,7,8
baseline_expected,always_tau_min_1s,burst_1800s_cv2_1,1800,1,0.329748941933,0.999978888387,21860645,0.00142285984914,0.001421848064,0.141573363307,true,157766400,0.2,1,1,1,,,,,
policy,measured_q16_high1_max3600,burst_1800s_cv2_1,1800,1,0.331842679426,0.999955960675,21860646,0.00893055631557,0.00889079734213,0.888582873821,true,6330349,4.98444556532,24.922241254,1,600,310941,294589,273068,8,8
baseline_expected,always_tau_min_1s,burst_1800s_cv2_1,1800,1,0.331842679426,0.999955960675,21860646,0.00147469867997,0.00147361184619,0.146731283558,true,157766400,0.2,1,1,1,,,,,
policy,measured_q16_high1_max3600,burst_1800s_cv2_1,1800,1,0.332920774301,0.999975201991,21860647,0.00897132605209,0.0089312037795,0.892639428459,true,6331613,4.98345050463,24.9172548922,1,1200,310607,294234,273141,15,10
baseline_expected,always_tau_min_1s,burst_1800s_cv2_1,1800,1,0.332920774301,0.999975201991,21860647,0.00152692436775,0.00152575921184,0.151927695751,true,157766400,0.2,1,1,1,,,,,
policy,measured_q16_high1_max3600,burst_1800s_cv2_1,1800,1,0.333009869779,0.999914543693,21860648,0.00889280675375,0.00885338269782,0.884826824036,true,6294683,5.01268769214,25.0634457684,1,600,309484,293202,271531,12,11
baseline_expected,always_tau_min_1s,burst_1800s_cv2_1,1800,1,0.333009869779,0.999914543693,21860648,0.00147818039249,0.00147708842196,0.147077711037,true,157766400,0.2,1,1,1,,,,,
policy,measured_q16_high1_max3600,burst_1800s_cv2_1,1800,1,0.333757169711,0.999886633651,21860649,0.00889431662348,0.00885487919898,0.88497705481,true,6310324,5.00026306098,25.0013194251,1,600,309710,293324,272147,6,7
baseline_expected,always_tau_min_1s,burst_1800s_cv2_1,1800,1,0.333757169711,0.999886633651,21860649,0.00150835523431,0.00150721823829,0.150080082527,true,157766400,0.2,1,1,1,,,,,
policy,measured_q16_high1_max3600,burst_1800s_cv2_1,1800,1,0.33151566643,0.999970006149,21860650,0.00881328076766,0.00877455765144,0.876914055025,true,6308452,5.00174686278,25.0087387524,1,600,309705,293479,272068,8,9
baseline_expected,always_tau_min_1s,burst_1800s_cv2_1,1800,1,0.33151566643,0.999970006149,21860650,0.00139113757953,0.0013901703962,0.138417024049,true,157766400,0.2,1,1,1,,,,,
policy,measured_q16_high1_max3600,burst_1800s_cv2_2,1800,2,0.499517593818,0.999999998282,21960621,0.0107898524401,0.0107318507794,1.073581281,false,6220096,5.07279630411,25.3639905236,1,600,310280,291368,269769,21,14
baseline_expected,always_tau_min_1s,burst_1800s_cv2_2,1800,2,0.499517593818,0.999999998282,21960621,0.00177412595654,0.00177255312536,0.176524046798,true,157766400,0.2,1,1,1,,,,,
policy,measured_q16_high1_max3600,burst_1800s_cv2_2,1800,2,0.50138555416,0.999999986996,21960622,0.0110057810695,0.0109454390343,1.09506599878,false,6208735,5.08207871652,25.4103995419,1,600,310090,291034,269285,26,13
baseline_expected,always_tau_min_1s,burst_1800s_cv2_2,1800,2,0.50138555416,0.999999986996,21960622,0.00159771918895,0.00159644351513,0.158971721168,true,157766400,0.2,1,1,1,,,,,
policy,measured_q16_high1_max3600,burst_1800s_cv2_2,1800,2,0.503162195639,0.999999999998,21960623,0.0106705637735,0.0106138352622,1.06171215858,false,6227223,5.06699053495,25.3349555653,1,600,310802,292041,269950,26,13
baseline_expected,always_tau_min_1s,burst_1800s_cv2_2,1800,2,0.503162195639,0.999999999998,21960623,0.00157528148605,0.00157404138143,0.156739188522,true,157766400,0.2,1,1,1,,,,,
policy,measured_q16_high1_max3600,burst_1800s_cv2_2,1800,2,0.499461534029,0.99999998329,21960624,0.0106373435494,0.0105809670862,1.05840677411,false,6200569,5.08877169176,25.4438678128,1,600,309506,290659,268706,20,12
baseline_expected,always_tau_min_1s,burst_1800s_cv2_2,1800,2,0.499461534029,0.99999998329,21960624,0.00170603913396,0.00170458467644,0.169749464976,true,157766400,0.2,1,1,1,,,,,
policy,measured_q16_high1_max3600,burst_1800s_cv2_2,1800,2,0.497832323472,0.999999999568,21960625,0.0105094983093,0.0104544664863,1.04568627979,false,6207871,5.08278603083,25.4139370808,1,600,309569,291043,268856,19,12
baseline_expected,always_tau_min_1s,burst_1800s_cv2_2,1800,2,0.497832323472,0.999999999568,21960625,0.00163408374192,0.00163274935401,0.162589963732,true,157766400,0.2,1,1,1,,,,,
policy,measured_q16_high1_max3600,burst_1800s_cv2_2,1800,2,0.498783197023,0.99999999987,21960626,0.0111522493712,0.0110902935676,1.10963947213,false,6196628,5.09200810505,25.4600477873,1,600,310081,290924,268838,20,17
baseline_expected,always_tau_min_1s,burst_1800s_cv2_2,1800,2,0.498783197023,0.99999999987,21960626,0.0016905648561,0.00168913665627,0.168209787289,true,157766400,0.2,1,1,1,,,,,
policy,measured_q16_high1_max3600,burst_1800s_cv2_2,1800,2,0.500763304758,0.999999999538,21960627,0.0104455752752,0.0103912097116,1.03932599143,false,6196357,5.09223080594,25.4611562891,1,600,309443,290876,268491,14,11
baseline_expected,always_tau_min_1s,burst_1800s_cv2_2,1800,2,0.500763304758,0.999999999538,21960627,0.00161899632101,0.00161768645345,0.161088777988,true,157766400,0.2,1,1,1,,,,,
policy,measured_q16_high1_max3600,burst_1800s_cv2_2,1800,2,0.501257420734,0.999999999994,21960628,0.0104199052993,0.0103658061518,1.03677185034,false,6209320,5.08159991754,25.4080055465,1,600,309842,291164,269263,8,9
baseline_expected,always_tau_min_1s,burst_1800s_cv2_2,1800,2,0.501257420734,0.999999999994,21960628,0.00159462433338,0.00159335359554,0.158663785631,true,157766400,0.2,1,1,1,,,,,
policy,measured_q16_high1_max3600,burst_1800s_cv2_2,1800,2,0.498365228792,0.999999993366,21960629,0.0105895275296,0.010533655875,1.05364912019,false,6204081,5.08589104494,25.429456353,1,600,309823,291174,268659,21,14
baseline_expected,always_tau_min_1s,burst_1800s_cv2_2,1800,2,0.498365228792,0.999999993366,21960629,0.0016422077378,0.0016408600525,0.163398294518,true,157766400,0.2,1,1,1,,,,,
policy,measured_q16_high1_max3600,burst_1800s_cv2_2,1800,2,0.498227098348,0.999999998239,21960630,0.010901087978,0.0108418864342,1.08464912386,false,6214465,5.07739282464,25.3869647669,1,600,310404,291293,269383,22,13
baseline_expected,always_tau_min_1s,burst_1800s_cv2_2,1800,2,0.498227098348,0.999999998239,21960630,0.00178534480799,0.00178375202798,0.177640313121,true,157766400,0.2,1,1,1,,,,,
policy,measured_q16_high1_max3600,burst_1800s_cv2_2,1800,2,0.501712435838,0.999999995017,21960631,0.0109967203438,0.0109364774416,1.09416446416,false,6209330,5.08159173373,25.4079586686,1,600,310287,291219,269474,16,15
baseline_expected,always_tau_min_1s,burst_1800s_cv2_2,1800,2,0.501712435838,0.999999995017,21960631,0.00170487856312,0.00170342608322,0.16963398915,true,157766400,0.2,1,1,1,,,,,
policy,measured_q16_high1_max3600,burst_1800s_cv2_2,1800,2,0.499586310275,0.999999998371,21960632,0.0105653681092,0.0105097506528,1.05124527808,false,6225162,5.06866809249,25.3433525103,1,600,310429,291927,269959,24,14
baseline_expected,always_tau_min_1s,burst_1800s_cv2_2,1800,2,0.499586310275,0.999999998371,21960632,0.00159539804727,0.00159412607633,0.158740769515,true,157766400,0.2,1,1,1,,,,,
policy,measured_q16_high1_max3600,burst_1800s_cv2_2,1800,2,0.503703168033,0.999999999119,21960633,0.0105049682118,0.0104499837383,1.04523553888,false,6205595,5.0846502229,25.4232984911,1,1200,309905,291294,268835,19,13
baseline_expected,always_tau_min_1s,burst_1800s_cv2_2,1800,2,0.503703168033,0.999999999119,21960633,0.00161125918208,0.0016099618009,0.160318939144,true,157766400,0.2,1,1,1,,,,,
policy,measured_q16_high1_max3600,burst_1800s_cv2_2,1800,2,0.500750982748,0.999999999936,21960634,0.010787838688,0.0107298586367,1.07338091436,false,6190094,5.09738301228,25.4869223311,1,600,309725,290663,268241,16,12
baseline_expected,always_tau_min_1s,burst_1800s_cv2_2,1800,2,0.500750982748,0.999999999936,21960634,0.00171648427152,0.00171501195491,0.170788747415,true,157766400,0.2,1,1,1,,,,,
policy,measured_q16_high1_max3600,burst_1800s_cv2_2,1800,2,0.499751934596,0.999999999995,21960635,0.01067005976,0.0106133365981,1.06166200966,false,6179159,5.10640363842,25.5320228853,1,600,308580,289715,267788,10,11
baseline_expected,always_tau_min_1s,burst_1800s_cv2_2,1800,2,0.499751934596,0.999999999995,21960635,0.00179308194692,0.00179147533589,0.178410151965,true,157766400,0.2,1,1,1,,,,,
policy,measured_q16_high1_max3600,burst_1800s_cv2_2,1800,2,0.500083214446,0.99999999999,21960636,0.0108160254662,0.0107577425817,1.07618547518,false,6207957,5.08271561804,25.413579701,1,600,310130,291314,268892,18,13
baseline_expected,always_tau_min_1s,burst_1800s_cv2_2,1800,2,0.500083214446,0.99999999999,21960636,0.00162015689185,0.00161884514618,0.161204253814,true,157766400,0.2,1,1,1,,,,,
policy,measured_q16_high1_max3600,burst_1800s_cv2_2,1800,2,0.501279725409,0.99999999826,21960637,0.0106896896822,0.0106327579907,1.06361517048,false,6202763,5.08697172534,25.4348621735,1,600,309673,290855,268843,13,14
baseline_expected,always_tau_min_1s,burst_1800s_cv2_2,1800,2,0.501279725409,0.99999999826,21960637,0.00171532370068,0.0017138533738,0.170673271588,true,157766400,0.2,1,1,1,,,,,
policy,measured_q16_high1_max3600,burst_1800s_cv2_2,1800,2,0.496865256021,0.999999999987,21960638,0.0105638575511,0.0105082559692,1.05109497882,false,6227425,5.06682617615,25.3341324865,1,600,310689,292009,269934,14,14
baseline_expected,always_tau_min_1s,burst_1800s_cv2_2,1800,2,0.496865256021,0.999999999987,21960638,0.00163176260024,0.00163043199949,0.162359012079,true,157766400,0.2,1,1,1,,,,,
policy,measured_q16_high1_max3600,burst_1800s_cv2_2,1800,2,0.499022950299,0.999999995373,21960639,0.0106801264673,0.0106232964139,1.06266363861,false,6186090,5.10068233731,25.5034144346,1,600,309086,290341,267892,14,14
baseline_expected,always_tau_min_1s,burst_1800s_cv2_2,1800,2,0.499022950299,0.999999995373,21960639,0.00154085121782,0.00153966471607,0.153313405669,true,157766400,0.2,1,1,1,,,,,
policy,measured_q16_high1_max3600,burst_1800s_cv2_2,1800,2,0.501722815475,0.999999999748,21960640,0.0105452345049,0.0104898284472,1.04924200133,false,6206384,5.08400382574,25.4200197732,1,600,309546,290963,268772,20,12
baseline_expected,always_tau_min_1s,burst_1800s_cv2_2,1800,2,0.501722815475,0.999999999748,21960640,0.00165187916146,0.00165051556001,0.164360593072,true,157766400,0.2,1,1,1,,,,,
policy,measured_q16_high1_max3600,burst_1800s_cv2_2,1800,2,0.500147528268,0.999999999419,21960641,0.0107103259185,0.0106531745962,1.06566845871,false,6181884,5.10415271461,25.5207782935,1,600,309064,290021,268283,10,11
baseline_expected,always_tau_min_1s,burst_1800s_cv2_2,1800,2,0.500147528268,0.999999999419,21960641,0.00179888480112,0.00179726777761,0.178987531097,true,157766400,0.2,1,1,1,,,,,
policy,measured_q16_high1_max3600,burst_1800s_cv2_2,1800,2,0.499720033247,0.999999996263,21960642,0.0105613407677,0.0105057656297,1.05084456099,false,6217396,5.07499924406,25.3750037797,1,600,310054,291307,269380,11,10
baseline_expected,always_tau_min_1s,burst_1800s_cv2_2,1800,2,0.499720033247,0.999999996263,21960642,0.00164375516558,0.00164240493997,0.163552262287,true,157766400,0.2,1,1,1,,,,,
policy,measured_q16_high1_max3600,burst_1800s_cv2_2,1800,2,0.500226835378,0.999999999994,21960643,0.0112478831613,0.0111848622288,1.11915495415,false,6219288,5.07345535373,25.3672790197,1,600,310349,291422,269526,34,16
baseline_expected,always_tau_min_1s,burst_1800s_cv2_2,1800,2,0.500226835378,0.999999999994,21960643,0.00170565227702,0.00170419847885,0.169710973034,true,157766400,0.2,1,1,1,,,,,
policy,measured_q16_high1_max3600,burst_1800s_cv2_2,1800,2,0.496949293328,0.999999999977,21960644,0.0106861665183,0.0106292722816,1.06326461862,false,6199629,5.08954326138,25.4477195329,1,600,309516,290771,268528,15,13
baseline_expected,always_tau_min_1s,burst_1800s_cv2_2,1800,2,0.496949293328,0.999999999977,21960644,0.00162673345994,0.00162541104623,0.161858616831,true,157766400,0.2,1,1,1,,,,,
policy,measured_q16_high1_max3600,burst_1800s_cv2_2,1800,2,0.498137344312,0.999999999996,21960645,0.0128645931238,0.012782197951,1.28001624138,false,6193242,5.09479203299,25.4739688841,1,600,309584,290358,268635,76,16
baseline_expected,always_tau_min_1s,burst_1800s_cv2_2,1800,2,0.498137344312,0.999999999996,21960645,0.0018337019263,0.00183202172208,0.182451805893,true,157766400,0.2,1,1,1,,,,,
policy,measured_q16_high1_max3600,burst_1800s_cv2_2,1800,2,0.501265656678,0.999999991321,21960646,0.0108069651871,0.0107487797302,1.075283985,false,6209423,5.08151562553,25.4075803823,1,600,309988,290975,269292,14,13
baseline_expected,always_tau_min_1s,burst_1800s_cv2_2,1800,2,0.501265656678,0.999999991321,21960646,0.00177606024128,0.0017744839796,0.176716506509,true,157766400,0.2,1,1,1,,,,,
policy,measured_q16_high1_max3600,burst_1800s_cv2_2,1800,2,0.49876280608,0.999999999419,21960647,0.0108175352954,0.0107592361674,1.07633570192,false,6214297,5.07753008908,25.3876546293,1,600,310350,291332,269662,21,12
baseline_expected,always_tau_min_1s,burst_1800s_cv2_2,1800,2,0.49876280608,0.999999999419,21960647,0.00170603913396,0.00170458467644,0.169749464976,true,157766400,0.2,1,1,1,,,,,
policy,measured_q16_high1_max3600,burst_1800s_cv2_2,1800,2,0.499815754443,0.999999999736,21960648,0.0109861510171,0.0109260236509,1.09311282501,false,6189378,5.09797268805,25.4898816973,1,600,309714,290725,268337,22,13
baseline_expected,always_tau_min_1s,burst_1800s_cv2_2,1800,2,0.499815754443,0.999999999736,21960648,0.00172886369381,0.00172737006985,0.172020489564,true,157766400,0.2,1,1,1,,,,,
policy,measured_q16_high1_max3600,burst_1800s_cv2_2,1800,2,0.496959200878,0.999999998776,21960649,0.0105673808764,0.0105117422643,1.05144554673,false,6216533,5.0757037725,25.3785296402,1,600,309762,291117,269367,15,13
baseline_expected,always_tau_min_1s,burst_1800s_cv2_2,1800,2,0.496959200878,0.999999998776,21960649,0.00163253631413,0.00163120445159,0.162435995964,true,157766400,0.2,1,1,1,,,,,
policy,measured_q16_high1_max3600,burst_1800s_cv2_2,1800,2,0.497618728375,0.999999992327,21960650,0.0117889668742,0.0117197492726,1.17299233041,false,6205327,5.08486982233,25.424349434,1,600,310166,291122,269067,54,15
baseline_expected,always_tau_min_1s,burst_1800s_cv2_2,1800,2,0.497618728375,0.999999992327,21960650,0.00178727909272,0.00178568286056,0.177832772832,true,157766400,0.2,1,1,1,,,,,
policy,measured_q16_high1_max3600,burst_1800s_cv2_4,1800,4,0.669462365739,1,22060621,0.0142497365148,0.014148689553,1.41783684869,false,6078666,5.1908231181,25.9541162485,1,600,310095,287799,265058,28,21
baseline_expected,always_tau_min_1s,burst_1800s_cv2_4,1800,4,0.669462365739,1,22060621,0.00192113159621,0.00191928740407,0.191150984824,true,157766400,0.2,1,1,1,,,,,
policy,measured_q16_high1_max3600,burst_1800s_cv2_4,1800,4,0.666359958592,1,22060622,0.0130125530617,0.0129282558299,1.29473813128,false,6074242,5.19460370529,25.9730376235,1,600,309162,287641,265027,36,17
baseline_expected,always_tau_min_1s,burst_1800s_cv2_4,1800,4,0.666359958592,1,22060622,0.00182441735959,0.00182275412187,0.181527999281,true,157766400,0.2,1,1,1,,,,,
policy,measured_q16_high1_max3600,burst_1800s_cv2_4,1800,4,0.666962090621,1,22060623,0.0132667330156,0.013179117797,1.32002882381,false,6091743,5.17968010141,25.898404611,1,600,310066,288148,265739,22,17
baseline_expected,always_tau_min_1s,burst_1800s_cv2_4,1800,4,0.666962090621,1,22060623,0.00187896418904,0.00187720004092,0.186955363127,true,157766400,0.2,1,1,1,,,,,
policy,measured_q16_high1_max3600,burst_1800s_cv2_4,1800,4,0.669017732813,1,22060624,0.0141908507993,0.014090635284,1.41197776932,false,6062494,5.20466989328,26.0233530953,1,600,309505,287428,264707,51,21
baseline_expected,always_tau_min_1s,burst_1800s_cv2_4,1800,4,0.669017732813,1,22060624,0.00190178874888,0.00189998149451,0.189226387715,true,157766400,0.2,1,1,1,,,,,
policy,measured_q16_high1_max3600,burst_1800s_cv2_4,1800,4,0.665548473035,1,22060625,0.0134559862031,0.0133658591232,1.33885935746,false,6085871,5.18467775607,25.9233925596,1,600,310038,288172,265352,36,19
baseline_expected,always_tau_min_1s,burst_1800s_cv2_4,1800,4,0.665548473035,1,22060625,0.00193351101849,0.00193164299021,0.192382726973,true,157766400,0.2,1,1,1,,,,,
policy,measured_q16_high1_max3600,burst_1800s_cv2_4,1800,4,0.663720959901,1,22060626,0.0133764620715,0.0132873947801,1.33094677297,false,6065825,5.20181178982,26.0090764241,1,600,308573,287209,264587,40,18
baseline_expected,always_tau_min_1s,burst_1800s_cv2_4,1800,4,0.663720959901,1,22060626,0.00182983335684,0.00182816023245,0.182066886471,true,157766400,0.2,1,1,1,,,,,
policy,measured_q16_high1_max3600,burst_1800s_cv2_4,1800,4,0.665574560161,1,22060627,0.0132118719686,0.0131249782852,1.31457019559,false,6106547,5.16712308937,25.8356182307,1,600,310372,288892,266221,37,19
baseline_expected,always_tau_min_1s,burst_1800s_cv2_4,1800,4,0.665574560161,1,22060627,0.00176600196067,0.00176444349676,0.175715716013,true,157766400,0.2,1,1,1,,,,,
policy,measured_q16_high1_max3600,burst_1800s_cv2_4,1800,4,0.667444648417,1,22060628,0.0153560565742,0.0152387535423,1.52791476803,false,6085431,5.18505262815,25.9252659343,1,600,310631,288162,265626,33,27
baseline_expected,always_tau_min_1s,burst_1800s_cv2_4,1800,4,0.667444648417,1,22060628,0.0019768389965,0.0019748863372,0.196693824496,true,157766400,0.2,1,1,1,,,,,
policy,measured_q16_high1_max3600,burst_1800s_cv2_4,1800,4,0.666323035719,1,22060629,0.0132501232945,0.0131627268413,1.31837617048,false,6082546,5.1875119399,25.9376081989,1,600,309879,287958,265365,30,17
baseline_expected,always_tau_min_1s,burst_1800s_cv2_4,1800,4,0.666323035719,1,22060629,0.00189985446415,0.00189805088302,0.189033928004,true,157766400,0.2,1,1,1,,,,,
policy,measured_q16_high1_max3600,burst_1800s_cv2_4,1800,4,0.667376533087,1,22060630,0.0133608558319,0.0132719957866,1.3293939652,false,6077449,5.1918625726,25.959322571,1,600,309932,287964,265143,29,19
baseline_expected,always_tau_min_1s,burst_1800s_cv2_4,1800,4,0.667376533087,1,22060630,0.00181513279287,0.00181348643561,0.180604192669,true,157766400,0.2,1,1,1,,,,,
policy,measured_q16_high1_max3600,burst_1800s_cv2_4,1800,4,0.666476628567,1,22060631,0.0129511450802,0.0128676398854,1.28862808855,false,6098069,5.17430681745,25.8715345792,1,600,310639,288826,266156,18,15
baseline_expected,always_tau_min_1s,burst_1800s_cv2_4,1800,4,0.666476628567,1,22060631,0.00184492077775,0.00184321995753,0.183568072216,true,157766400,0.2,1,1,1,,,,,
policy,measured_q16_high1_max3600,burst_1800s_cv2_4,1800,4,0.666243612418,1,22060632,0.0129133955717,0.0128303754207,1.28487204407,false,6063288,5.20398833108,26.0199428099,1,600,309264,287509,264342,18,16
baseline_expected,always_tau_min_1s,burst_1800s_cv2_4,1800,4,0.666243612418,1,22060632,0.00176174653426,0.00176019556977,0.175292304649,true,157766400,0.2,1,1,1,,,,,
policy,measured_q16_high1_max3600,burst_1800s_cv2_4,1800,4,0.667893704267,1,22060633,0.0134579985532,0.0133678445745,1.33905958461,false,6082045,5.18793925398,25.9396993939,1,600,310053,288025,265422,26,18
baseline_expected,always_tau_min_1s,burst_1800s_cv2_4,1800,4,0.667893704267,1,22060633,0.00192151845315,0.00191967351845,0.191189476766,true,157766400,0.2,1,1,1,,,,,
policy,measured_q16_high1_max3600,burst_1800s_cv2_4,1800,4,0.668486445196,1,22060634,0.0132289832463,0.0131418648333,1.31627275338,false,6090429,5.18079760884,25.9040046276,1,1200,310711,288834,265785,26,17
baseline_expected,always_tau_min_1s,burst_1800s_cv2_4,1800,4,0.668486445196,1,22060634,0.00176987053013,0.00176830523288,0.176100635435,true,157766400,0.2,1,1,1,,,,,
policy,measured_q16_high1_max3600,burst_1800s_cv2_4,1800,4,0.661723078833,1,22060635,0.013462026197,0.0133718183694,1.3394603318,false,6093888,5.1778568953,25.8892859534,1,600,309912,288340,265714,27,24
baseline_expected,always_tau_min_1s,burst_1800s_cv2_4,1800,4,0.661723078833,1,22060635,0.00186000819866,0.0018582794554,0.185069257961,true,157766400,0.2,1,1,1,,,,,
policy,measured_q16_high1_max3600,burst_1800s_cv2_4,1800,4,0.667384094825,1,22060636,0.0142940306856,0.0141923560523,1.42224408159,false,6081301,5.18857395811,25.9428755459,1,600,309829,287753,265372,40,22
baseline_expected,always_tau_min_1s,burst_1800s_cv2_4,1800,4,0.667384094825,1,22060636,0.0019493721533,0.00194747336142,0.193960896602,true,157766400,0.2,1,1,1,,,,,
policy,measured_q16_high1_max3600,burst_1800s_cv2_4,1800,4,0.666704558747,1,22060637,0.0147696784701,0.0146611417768,1.46957063778,false,6084460,5.18588009454,25.9294024449,1,600,310599,288241,265708,48,22
baseline_expected,always_tau_min_1s,burst_1800s_cv2_4,1800,4,0.666704558747,1,22060637,0.00196987557146,0.00196793663994,0.196000969537,true,157766400,0.2,1,1,1,,,,,
policy,measured_q16_high1_max3600,burst_1800s_cv2_4,1800,4,0.665889648073,1,22060638,0.0136014484203,0.0135093666752,1.35333272625,false,6089644,5.18146545184,25.9073353056,1,600,310628,288740,265700,37,20
baseline_expected,always_tau_min_1s,burst_1800s_cv2_4,1800,4,0.665889648073,1,22060638,0.00181822764844,0.00181657567393,0.180912128206,true,157766400,0.2,1,1,1,,,,,
policy,measured_q16_high1_max3600,burst_1800s_cv2_4,1800,4,0.66702122588,1,22060639,0.0133900506575,0.0133008027181,1.3322988259,false,6081612,5.18830862607,25.9415432948,1,600,310017,288164,265317,40,19
baseline_expected,always_tau_min_1s,burst_1800s_cv2_4,1800,4,0.66702122588,1,22060639,0.00183254135546,0.00183086327676,0.182336330066,true,157766400,0.2,1,1,1,,,,,
policy,measured_q16_high1_max3600,burst_1800s_cv2_4,1800,4,0.666976993879,1,22060640,0.0129083627746,0.0128254071838,1.28437128498,false,6095180,5.17675934099,25.8837970331,1,600,310440,288733,265653,27,14
baseline_expected,always_tau_min_1s,burst_1800s_cv2_4,1800,4,0.666976993879,1,22060640,0.00170062313671,0.00169917789657,0.169210577786,true,157766400,0.2,1,1,1,,,,,
policy,measured_q16_high1_max3600,burst_1800s_cv2_4,1800,4,0.667864941175,1,22060641,0.0135863478866,0.0134944700276,1.35183023578,false,6080116,5.1895851987,25.9479304342,1,600,309963,287838,265077,29,19
baseline_expected,always_tau_min_1s,burst_1800s_cv2_4,1800,4,0.667864941175,1,22060641,0.00190720474613,0.00190538718683,0.189765274905,true,157766400,0.2,1,1,1,,,,,
policy,measured_q16_high1_max3600,burst_1800s_cv2_4,1800,4,0.667935195173,1,22060642,0.0129430925585,0.0128596909487,1.28782686939,false,6100652,5.17211602957,25.8605801478,1,600,310425,288758,266229,26,17
baseline_expected,always_tau_min_1s,burst_1800s_cv2_4,1800,4,0.667935195173,1,22060642,0.00185111048889,0.00184939824056,0.184183943291,true,157766400,0.2,1,1,1,,,,,
policy,measured_q16_high1_max3600,burst_1800s_cv2_4,1800,4,0.665984870249,1,22060643,0.0132440851855,0.0131567681922,1.31777538368,false,6057645,5.2088361071,26.0441848276,1,600,308834,287290,264194,34,18
baseline_expected,always_tau_min_1s,burst_1800s_cv2_4,1800,4,0.665984870249,1,22060643,0.00182403050264,0.00182236796999,0.181489507339,true,157766400,0.2,1,1,1,,,,,
policy,measured_q16_high1_max3600,burst_1800s_cv2_4,1800,4,0.667901374994,1,22060644,0.0132053266358,0.0131185188386,1.31391894045,false,6111752,5.1627225712,25.8136151467,1,600,311175,289228,266626,20,19
baseline_expected,always_tau_min_1s,burst_1800s_cv2_4,1800,4,0.667901374994,1,22060644,0.00180468765532,0.00180306018572,0.17956491023,true,157766400,0.2,1,1,1,,,,,
policy,measured_q16_high1_max3600,burst_1800s_cv2_4,1800,4,0.665864555299,1,22060645,0.0132370365571,0.0131498122765,1.31707405106,false,6056497,5.20982343424,26.0491341777,1,600,308768,286826,264188,26,18
baseline_expected,always_tau_min_1s,burst_1800s_cv2_4,1800,4,0.665864555299,1,22060645,0.00192422645178,0.00192237631494,0.191458920361,true,157766400,0.2,1,1,1,,,,,
policy,measured_q16_high1_max3600,burst_1800s_cv2_4,1800,4,0.663252948738,1,22060646,0.013348273321,0.0132595801926,1.3281420159,false,6084741,5.18564060492,25.9282043393,1,1200,310363,288681,265348,28,20
baseline_expected,always_tau_min_1s,burst_1800s_cv2_4,1800,4,0.663252948738,1,22060646,0.00180816936783,0.00180653561445,0.17991133771,true,157766400,0.2,1,1,1,,,,,
policy,measured_q16_high1_max3600,burst_1800s_cv2_4,1800,4,0.665812540889,1,22060647,0.0134620263941,0.0133718185639,1.33946035141,false,6090136,5.18104686004,25.9052405398,1,600,310487,288708,265638,31,19
baseline_expected,always_tau_min_1s,burst_1800s_cv2_4,1800,4,0.665812540889,1,22060647,0.00182596478737,0.00182429872788,0.181681967049,true,157766400,0.2,1,1,1,,,,,
policy,measured_q16_high1_max3600,burst_1800s_cv2_4,1800,4,0.666103437118,1,22060648,0.0142306137169,0.0141298371374,1.41593414631,false,6092193,5.1792975042,25.8964955641,1,600,310346,288412,265673,44,19
baseline_expected,always_tau_min_1s,burst_1800s_cv2_4,1800,4,0.666103437118,1,22060648,0.00197761271039,0.0019756585228,0.196770808381,true,157766400,0.2,1,1,1,,,,,
policy,measured_q16_high1_max3600,burst_1800s_cv2_4,1800,4,0.665014832199,1,22060649,0.0130573482315,0.0129724708861,1.29919521316,false,6078857,5.19066002046,25.9533015828,1,600,309699,287967,265048,20,18
baseline_expected,always_tau_min_1s,burst_1800s_cv2_4,1800,4,0.665014832199,1,22060649,0.00180004537196,0.00179842626192,0.179103006924,true,157766400,0.2,1,1,1,,,,,
policy,measured_q16_high1_max3600,burst_1800s_cv2_4,1800,4,0.664089064719,1,22060650,0.0127689402774,0.0126877632418,1.27049886328,false,6085416,5.18506540884,25.9253354249,1,600,309838,288207,265439,20,16
baseline_expected,always_tau_min_1s,burst_1800s_cv2_4,1800,4,0.664089064719,1,22060650,0.0017737390996,0.00177216695406,0.176485554856,true,157766400,0.2,1,1,1,,,,,
policy,measured_q16_high1_max3600,burst_1800s_cv2_8,1800,8,0.801965064383,1,22160621,0.0161880559978,0.0160577335891,1.61069801385,false,5970642,5.28473822413,26.4237095441,1,600,309964,285244,262016,34,21
baseline_expected,always_tau_min_1s,burst_1800s_cv2_8,1800,8,0.801965064383,1,22160621,0.00198341556459,0.00198144989573,0.197348187513,true,157766400,0.2,1,1,1,,,,,
policy,measured_q16_high1_max3600,burst_1800s_cv2_8,1800,8,0.800983283599,1,22160622,0.016058195509,0.0159299500686,1.59777700398,false,5991945,5.26594953725,26.3297566984,1,600,310773,286014,262967,30,22
baseline_expected,always_tau_min_1s,burst_1800s_cv2_8,1800,8,0.800983283599,1,22160622,0.00205227610106,0.00205017162237,0.20419975322,true,157766400,0.2,1,1,1,,,,,
policy,measured_q16_high1_max3600,burst_1800s_cv2_8,1800,8,0.800252467766,1,22160623,0.0163924094414,0.0162587850361,1.63103101034,false,5985432,5.27167963816,26.358412559,1,600,310574,285912,262662,49,22
baseline_expected,always_tau_min_1s,burst_1800s_cv2_8,1800,8,0.800252467766,1,22160623,0.00187819047515,0.00187642777915,0.186878379243,true,157766400,0.2,1,1,1,,,,,
policy,measured_q16_high1_max3600,burst_1800s_cv2_8,1800,8,0.798967437754,1,22160624,0.0164945850772,0.0163592942852,1.64119740052,false,5990613,5.26712040988,26.3356032179,1,600,310581,285786,262979,36,23
baseline_expected,always_tau_min_1s,burst_1800s_cv2_8,1800,8,0.798967437754,1,22160624,0.00192151845315,0.00191967351845,0.191189476766,true,157766400,0.2,1,1,1,,,,,
policy,measured_q16_high1_max3600,burst_1800s_cv2_8,1800,8,0.799307372524,1,22160625,0.016161377832,0.016031483464,1.6080435587,false,5972256,5.28331002556,26.4165561557,1,1200,310382,285313,262166,29,21
baseline_expected,always_tau_min_1s,burst_1800s_cv2_8,1800,8,0.799307372524,1,22160625,0.00201707211893,0.00201503919605,0.200696986482,true,157766400,0.2,1,1,1,,,,,
policy,measured_q16_high1_max3600,burst_1800s_cv2_8,1800,8,0.800333140708,1,22160626,0.0172057888459,0.0170586145532,1.71196157986,false,5978707,5.277609356,26.3880623352,1,600,310380,285531,262429,37,26
baseline_expected,always_tau_min_1s,burst_1800s_cv2_8,1800,8,0.800333140708,1,22160626,0.00202326183008,0.00202121641556,0.201312857557,true,157766400,0.2,1,1,1,,,,,
policy,measured_q16_high1_max3600,burst_1800s_cv2_8,1800,8,0.800046872011,1,22160627,0.0179018982721,0.0177426112211,1.78122388476,false,5960723,5.29353234499,26.4676800113,1,600,309520,284430,261759,56,26
baseline_expected,always_tau_min_1s,burst_1800s_cv2_8,1800,8,0.800046872011,1,22160627,0.00199386070214,0.00199187428233,0.198387469952,true,157766400,0.2,1,1,1,,,,,
policy,measured_q16_high1_max3600,burst_1800s_cv2_8,1800,8,0.798588499572,1,22160628,0.0177529112173,0.0175962566834,1.76639979758,false,5966108,5.28875441075,26.4437747356,1,600,310189,285001,261914,46,27
baseline_expected,always_tau_min_1s,burst_1800s_cv2_8,1800,8,0.798588499572,1,22160628,0.00203757553709,0.00203550108925,0.202737059417,true,157766400,0.2,1,1,1,,,,,
policy,measured_q16_high1_max3600,burst_1800s_cv2_8,1800,8,0.801468501517,1,22160629,0.0168670472431,0.0167255950121,1.67825707408,false,5948412,5.30448798772,26.5224491848,1,1200,308922,283986,261227,36,27
baseline_expected,always_tau_min_1s,burst_1800s_cv2_8,1800,8,0.801468501517,1,22160629,0.00205266295801,0.00205055768612,0.204238245162,true,157766400,0.2,1,1,1,,,,,
policy,measured_q16_high1_max3600,burst_1800s_cv2_8,1800,8,0.801955314744,1,22160630,0.0176155087015,0.0174612626635,1.75272836234,false,5958084,5.2958769967,26.4793873332,1,600,308724,284213,261576,64,26
baseline_expected,always_tau_min_1s,burst_1800s_cv2_8,1800,8,0.801955314744,1,22160630,0.0020484075316,0.00204631097667,0.203814833798,true,157766400,0.2,1,1,1,,,,,
policy,measured_q16_high1_max3600,burst_1800s_cv2_8,1800,8,0.797471454505,1,22160631,0.0160521547039,0.0159240054752,1.59717594893,false,5962404,5.29203992215,26.460210177,1,1200,309688,284871,261854,24,21
baseline_expected,always_tau_min_1s,burst_1800s_cv2_8,1800,8,0.797471454505,1,22160631,0.00208167722899,0.00207951204162,0.207125140825,true,157766400,0.2,1,1,1,,,,,
policy,measured_q16_high1_max3600,burst_1800s_cv2_8,1800,8,0.800122062013,1,22160632,0.0179748781195,0.0178142935996,1.78848531845,false,5969364,5.28586965044,26.4293482522,1,600,310306,285050,262316,39,28
baseline_expected,always_tau_min_1s,burst_1800s_cv2_8,1800,8,0.800122062013,1,22160632,0.00207664808869,0.00207449334685,0.206624745577,true,157766400,0.2,1,1,1,,,,,
policy,measured_q16_high1_max3600,burst_1800s_cv2_8,1800,8,0.801181201747,1,22160633,0.0160979589877,0.0159690793391,1.60173343681,false,5958541,5.29547082079,26.4773732362,1,600,309406,284571,261601,30,23
baseline_expected,always_tau_min_1s,burst_1800s_cv2_8,1800,8,0.801181201747,1,22160633,0.00200701383832,0.00200500113278,0.199696195986,true,157766400,0.2,1,1,1,,,,,
policy,measured_q16_high1_max3600,burst_1800s_cv2_8,1800,8,0.80162631866,1,22160634,0.0161684253052,0.0160384179313,1.60874477638,false,5947018,5.30573137663,26.5286681493,1,600,308676,283974,261117,33,24
baseline_expected,always_tau_min_1s,burst_1800s_cv2_8,1800,8,0.80162631866,1,22160634,0.00195014586719,0.00194824556823,0.194037880487,true,157766400,0.2,1,1,1,,,,,
policy,measured_q16_high1_max3600,burst_1800s_cv2_8,1800,8,0.798443148749,1,22160635,0.0169017781785,0.016759744459,1.68171277307,false,5992967,5.26505151789,26.3252615941,1,600,310121,285543,263043,31,25
baseline_expected,always_tau_min_1s,burst_1800s_cv2_8,1800,8,0.798443148749,1,22160635,0.00199618184382,0.0019941907979,0.198618421605,true,157766400,0.2,1,1,1,,,,,
policy,measured_q16_high1_max3600,burst_1800s_cv2_8,1800,8,0.803448962962,1,22160636,0.0172601507585,0.0171120476745,1.71737054464,false,5988998,5.26854074755,26.3427212699,1,600,310461,285742,263090,39,27
baseline_expected,always_tau_min_1s,burst_1800s_cv2_8,1800,8,0.803448962962,1,22160636,0.00188670132797,0.00188492262582,0.18772520197,true,157766400,0.2,1,1,1,,,,,
policy,measured_q16_high1_max3600,burst_1800s_cv2_8,1800,8,0.800712892181,1,22160637,0.0171141823285,0.0169685665916,1.7028468081,false,5972931,5.28271295952,26.4135691506,1,600,310030,285125,262055,28,25
baseline_expected,always_tau_min_1s,burst_1800s_cv2_8,1800,8,0.800712892181,1,22160637,0.00196329900337,0.00196137299253,0.19534660652,true,157766400,0.2,1,1,1,,,,,
policy,measured_q16_high1_max3600,burst_1800s_cv2_8,1800,8,0.79910215364,1,22160638,0.0164090198959,0.016275125289,1.63268373665,false,5982748,5.27404463634,26.370223516,1,600,310209,285587,262372,48,22
baseline_expected,always_tau_min_1s,burst_1800s_cv2_8,1800,8,0.79910215364,1,22160638,0.00184221277912,0.00184051694668,0.183298628621,true,157766400,0.2,1,1,1,,,,,
policy,measured_q16_high1_max3600,burst_1800s_cv2_8,1800,8,0.801715347021,1,22160639,0.016254494752,0.0161231033159,1.61730861425,false,5966745,5.28818979192,26.44094963,1,1200,309812,284983,262047,33,23
baseline_expected,always_tau_min_1s,burst_1800s_cv2_8,1800,8,0.801715347021,1,22160639,0.00194550358383,0.00194361231842,0.19357597718,true,157766400,0.2,1,1,1,,,,,
policy,measured_q16_high1_max3600,burst_1800s_cv2_8,1800,8,0.800921915222,1,22160640,0.015962059284,0.0158353407412,1.58821153011,false,5957344,5.29653483163,26.482680369,1,600,309309,284637,261389,28,22
baseline_expected,always_tau_min_1s,burst_1800s_cv2_8,1800,8,0.800921915222,1,22160640,0.00206465552335,0.00206252558825,0.205431495369,true,157766400,0.2,1,1,1,,,,,
policy,measured_q16_high1_max3600,burst_1800s_cv2_8,1800,8,0.801169331763,1,22160641,0.0169440553199,0.0168013121676,1.68591931323,false,5963701,5.29088899661,26.4544463245,1,600,310388,285232,261934,29,24
baseline_expected,always_tau_min_1s,burst_1800s_cv2_8,1800,8,0.801169331763,1,22160641,0.00206040009694,0.00205827892973,0.205008084005,true,157766400,0.2,1,1,1,,,,,
policy,measured_q16_high1_max3600,burst_1800s_cv2_8,1800,8,0.800152379201,1,22160642,0.0187077385796,0.0185338349745,1.86140432044,false,5948087,5.30477782184,26.5238981878,1,600,308935,283912,261273,72,26
baseline_expected,always_tau_min_1s,burst_1800s_cv2_8,1800,8,0.800152379201,1,22160642,0.00207045837755,0.00206831645711,0.206008874502,true,157766400,0.2,1,1,1,,,,,
policy,measured_q16_high1_max3600,burst_1800s_cv2_8,1800,8,0.801429406923,1,22160643,0.0170703951694,0.0169255214954,1.69849002244,false,5965140,5.28961264949,26.4480719648,1,600,309542,284550,262009,43,25
baseline_expected,always_tau_min_1s,burst_1800s_cv2_8,1800,8,0.801429406923,1,22160643,0.00205962638304,0.00205750680805,0.204931100121,true,157766400,0.2,1,1,1,,,,,
policy,measured_q16_high1_max3600,burst_1800s_cv2_8,1800,8,0.800174757918,1,22160644,0.0169249304803,0.0167825084706,1.68401640771,false,5960283,5.29392312412,26.4696241772,1,600,310017,284918,261852,31,27
baseline_expected,always_tau_min_1s,burst_1800s_cv2_8,1800,8,0.800174757918,1,22160644,0.0020151378342,0.00201310880711,0.200504526771,true,157766400,0.2,1,1,1,,,,,
policy,measured_q16_high1_max3600,burst_1800s_cv2_8,1800,8,0.799441662394,1,22160645,0.0166642071373,0.0165261272985,1.65807465345,false,5983751,5.27316059776,26.3658090051,1,600,310329,285588,262751,41,24
baseline_expected,always_tau_min_1s,burst_1800s_cv2_8,1800,8,0.799441662394,1,22160645,0.00199424755909,0.00199226036863,0.198425961894,true,157766400,0.2,1,1,1,,,,,
policy,measured_q16_high1_max3600,burst_1800s_cv2_8,1800,8,0.803015320606,1,22160646,0.0181359451819,0.0179724786266,1.80451135626,false,5946761,5.30596067338,26.5298033669,1,600,309254,284115,261249,42,28
baseline_expected,always_tau_min_1s,burst_1800s_cv2_8,1800,8,0.803015320606,1,22160646,0.00208167722899,0.00207951204162,0.207125140825,true,157766400,0.2,1,1,1,,,,,
policy,measured_q16_high1_max3600,burst_1800s_cv2_8,1800,8,0.800190089508,1,22160647,0.0164306596833,0.0162964126558,1.63483687737,false,5975723,5.2802447503,26.4012252576,1,600,310453,285552,262212,32,24
baseline_expected,always_tau_min_1s,burst_1800s_cv2_8,1800,8,0.800190089508,1,22160647,0.00192616073651,0.00192430687938,0.191651380072,true,157766400,0.2,1,1,1,,,,,
policy,measured_q16_high1_max3600,burst_1800s_cv2_8,1800,8,0.797396352539,1,22160648,0.0168534562521,0.0167122312477,1.67690478186,false,5963194,5.2913388362,26.4566955226,1,600,310217,284991,261875,31,23
baseline_expected,always_tau_min_1s,burst_1800s_cv2_8,1800,8,0.797396352539,1,22160648,0.00204376524824,0.00204167818211,0.203352930492,true,157766400,0.2,1,1,1,,,,,
policy,measured_q16_high1_max3600,burst_1800s_cv2_8,1800,8,0.7999693246,1,22160649,0.0178218674047,0.0176639971645,1.77326088048,false,5957059,5.29678823057,26.483948539,1,600,309651,284529,261723,43,26
baseline_expected,always_tau_min_1s,burst_1800s_cv2_8,1800,8,0.7999693246,1,22160649,0.00205150238717,0.00204939949442,0.204122769335,true,157766400,0.2,1,1,1,,,,,
policy,measured_q16_high1_max3600,burst_1800s_cv2_8,1800,8,0.80133412448,1,22160650,0.0175163451094,0.0173638257619,1.74286166798,false,5983709,5.27319761038,26.3659933997,1,600,310377,285602,262730,35,28
baseline_expected,always_tau_min_1s,burst_1800s_cv2_8,1800,8,0.80133412448,1,22160650,0.00197916013818,0.0019772028922,0.196924776149,true,157766400,0.2,1,1,1,,,,,
